CFR;MSSI;Country of registration;Administration responsible of registration;Registration on national registry;GT Tonnage;Other tonnage;GTs;Code;LOA;LBP;Name;Registration number;External marking;Registration Place;Status on national registry;Radio;IRCS;VMS;ERS;AIS;UVI;IMO;Vessel Type;Operates at;Fishing gear;Main engine;Power of auxiliary engine;Hull material;Image;Date of entry into service;Segment;Year of construction;Year of destruction;Year of retirement
DEU000090601;;LTU;;;1943.00;0.00;0.00;;62.22;56.11;SEBASTES M.;781;KL 781;Klaipeda;;Y;LYSO;Y;N;N;8707733;;FX;;OTM, NK;1764.00;1244.00;Metal;;1987-05-30;MFL;1986-12-31;;
DEU000100601;277336000;LTU;;;1943.00;0.00;0.00;;62.22;56.11;NIDA;759;KL 759;Klaipeda;;Y;LYSA;Y;Y;Y;8707745;;FX;;OTM, NK;1764.00;1244.00;Metal;;1987-06-25;MFL;1987-01-01;2023-06-23;
DEU101000402;;LTU;;;7646.00;0.00;0.00;;125.53;117.29;ROJUS;817;KL 817;Klaipeda;;Y;LYTF;Y;N;N;;;FX;;OTM, NK;6000.00;5755.00;Metal;;1988-12-01;MFL;1987-12-31;;
DNK000013689;277547000;LTU;;;442.00;0.00;0.00;;39.05;36.00;INSĖ;904;KL 904;Klaipeda;;Y;LYBB;N;Y;Y;8413394;;FX;;OTM, PTM;809.00;210.00;Metal;;1985-05-31;MFL;1985-01-01;2025-01-29;
DNK000013944;277354000;LTU;;;543.00;0.00;0.00;;50.50;46.44;GILIJA;886;KL 886;Klaipeda;;Y;LYSK;Y;Y;Y;7003829;;FX;;OTM, NK;1400.00;1175.00;Metal;;1973-12-31;MFL;1972-12-31;;
DNK000014198;277346000;LTU;;;296.00;0.00;0.00;;35.95;31.20;TOVĖ;788;KL 788;Klaipeda;;Y;LYSF;N;Y;Y;5362087;;FX;;OTM, PTM;638.00;360.00;Metal;;1960-12-31;MFL;1961-01-01;2025-01-29;
DNK000014292;277029000;LTU;;;378.00;0.00;0.00;;37.15;37.15;MINGĖ;856;KL-856;Klaipeda;;Y;LYAB;Y;Y;Y;6714809;;FX;;PTM, OTM;735.00;672.00;Metal;;1967-12-30;MFL;1967-01-01;;
EST010101056;277544000;LTU;;;1780.00;0.00;0.00;;58.00;52.05;TAURUS;898;KL 898;Klaipeda;;Y;LYAY;Y;Y;Y;8411023;;FX;;OTB, NK;2475.00;1415.00;Metal;;1984-12-31;MFL;1985-01-01;;
EST010101150;277553000;LTU;;;1410.00;0.00;0.00;;63.83;58.11;ONTIKA;913;KL 913;Klaipeda;;Y;LYBG;Y;Y;Y;8315956;;FX;;OTB, NK;2355.00;1380.00;Metal;;1984-12-31;MFL;1984-01-01;;
EST010101457;;LTU;;;117.00;0.00;0.00;;25.40;24.38;PREILA;859;KL-859;Klaipeda;;Y;LYSB;N;N;N;8877916;;FX;;OTM, OTB;221.00;25.00;Metal;;1977-12-31;MFL;1976-12-31;;
FIN000021431;;LTU;;;2.83;0.00;0.00;;7.77;0.00;LT-2743;LT-2743;KL LT-2743;Klaipeda;;N;;N;N;N;;;FX;;GNS, LLS;125.00;0.00;Fiber/Plastic;;2000-12-31;MFL;1999-12-31;;2016-07-19
FIN000101175;277543000;LTU;;;233.00;0.00;0.00;;33.60;30.00;RAMUS;897;KL 897;Klaipeda;;Y;LYAX;Y;Y;Y;6726280;;FX;;OTM, OTB;736.00;268.00;Metal;;1967-01-01;MFL;1966-12-31;;
LTU000000001;277207000;LTU;;;118.00;0.00;0.00;;25.50;0.00;LBB - 1032;461;KL 461;Klaipeda;;Y;LYNI;N;Y;Y;8876780;;FX;;OTB, OTM;221.00;25.20;Metal;;1976-09-26;MFL;1976-01-01;;
LTU000000002;;LTU;;;118.00;0.00;0.00;;25.50;0.00;LBB - 1036;413;KL 413;Klaipeda;;Y;LYNJ;Y;N;N;;;FX;;OTB, OTM;221.00;29.20;Metal;;1976-07-30;MFL;1975-12-31;2005-02-09;
LTU000000003;;LTU;;;118.00;0.00;0.00;;25.50;0.00;LBB - 1042;404;KL 404;Klaipeda;;Y;LYNK;Y;N;N;;;FX;;OTB, OTM;221.00;32.00;Metal;;1977-12-30;MFL;1976-12-31;2008-01-01;
LTU000000004;277213000;LTU;;;118.00;0.00;0.00;;25.50;0.00;LBB - 1044;431;KL 431;Klaipeda;;Y;LYNO;Y;Y;Y;8876649;;FX;;OTB, OTM;221.00;25.20;Metal;;1977-06-28;MFL;1977-01-01;;
LTU000000005;277213000;LTU;;;118.00;0.00;0.00;;25.50;22.00;LBB - 1066;412;KL 412;Klaipeda;;Y;LYNP;N;Y;Y;8876651;;FX;;OTB, OTM;221.00;25.20;Metal;;1981-10-30;MFL;1980-12-31;;
LTU000000006;;LTU;;;117.00;0.00;0.00;;25.50;22.00;LBB - 1101;401;KL 401;Klaipeda;;Y;LYNM;Y;N;N;;;FX;;OTB, OTM;220.00;25.20;Metal;;1985-12-25;MFL;1984-12-31;2008-07-22;
LTU000000007;277212000;LTU;;;117.00;0.00;0.00;;25.50;22.00;LBB - 1094;423;KL 423;Klaipeda;;Y;LYNN;N;Y;Y;8330449;;FX;;OTB, OTM;220.00;25.20;Metal;;1984-12-30;MFL;1983-12-31;2021-12-29;
LTU000000008;277206000;LTU;;;117.00;0.00;0.00;;25.50;22.00;LBB - 1107;403;KL 403;Klaipeda;;Y;LYKF;Y;Y;Y;8725979;;FX;;OTB, GNS;221.00;33.20;Metal;;1986-12-26;MFL;1985-12-31;2021-05-03;
LTU000000009;277205000;LTU;;;117.00;0.00;0.00;;25.50;0.00;LBB - 1113;405;KL 405;Klaipeda;;Y;LYAN;Y;Y;Y;8722575;;FX;;OTB, OTM;220.00;29.20;Metal;;1987-06-29;MFL;1987-01-01;;
LTU000000010;277290000;LTU;;;119.00;0.00;0.00;;23.06;0.00;BALTIK;861;KL 861;Klaipeda;;Y;LYMH;Y;Y;Y;8863379;;FX;;OTM, OTB;221.00;60.00;Metal;;1979-12-30;MFL;1979-01-01;;
LTU000000011;277253000;LTU;;;117.00;0.00;0.00;;25.50;22.00;ATLANT;916;KL 916;Klaipeda;;Y;LYMI;N;Y;Y;8725955;;FX;;OTB, OTM;221.00;60.00;Metal;;1985-08-19;MFL;1985-01-01;;
LTU000000012;;LTU;;;3879.00;0.00;0.00;;101.47;92.33;SAKALAS - I;657;KL 657;Klaipeda;;Y;LYOX;Y;N;N;;;FX;;OTM, NK;2855.00;1040.00;Metal;;1977-09-28;MFL;1976-12-31;;
LTU000000013;;LTU;;;3879.00;0.00;0.00;;101.48;92.33;VYTURYS;653;KL 653;Klaipeda;;Y;LYOR;Y;N;N;;;FX;;OTM, NK;2854.00;1040.00;Metal;;1981-05-04;MFL;1980-12-31;;2006-09-19
LTU000000014;;LTU;;;3879.00;0.00;0.00;;101.48;93.90;KORALAS;578;KL 578;Klaipeda;;Y;LYEP;Y;N;N;;;FX;;OTM, NK;2854.00;2360.00;Metal;;1982-06-30;MFL;1981-12-31;;
LTU000000015;;LTU;;;4378.00;0.00;0.00;;103.70;98.10;ARAS-1;774;KL 774;Klaipeda;;Y;LYOW;Y;N;N;;;FX;;OTM, NK;5148.00;663.00;Metal;;1983-06-25;MFL;1982-12-31;;
LTU000000016;;LTU;;;3879.00;0.00;0.00;;101.48;92.33;CAPTAIN G. KOVAL;773;KL 773;Klaipeda;;Y;LYOU;Y;N;N;;;FX;;OTM, NK;2854.00;2360.00;Metal;;1981-12-15;MFL;1980-12-31;2010-07-16;
LTU000000017;;LTU;;;4407.00;0.00;0.00;;104.50;0.00;IRVINGA;772;KL 772;Klaipeda;;Y;LYOV;Y;N;N;;;FX;;OTM, NK;5152.00;663.00;Metal;;1990-09-23;MFL;1989-12-31;;
LTU000000018;;LTU;;;529.00;0.00;0.00;;41.28;39.00;EYBORG;715;KL 715 EYBORG;Klaipeda;;Y;LYOI;Y;N;N;;;FX;;OTB, NK;1175.00;450.00;Metal;;1994-07-04;MFL;1993-12-31;;
LTU000000020;;LTU;;;1103.00;0.00;0.00;;46.61;41.00;BORGIN;717;KL 717 BORGIN;Klaipeda;;Y;LYQI;Y;N;N;;;FX;;OTB, NK;1495.00;750.00;Metal;;1984-12-28;MFL;1983-12-31;;
LTU000000021;;LTU;;;436.00;0.00;0.00;;40.58;39.08;DUX;900;KL 900;Klaipeda;;Y;LYMP;Y;N;N;5403740;;FX;;OTB, NK;736.00;0.00;Metal;;1963-12-31;MFL;1962-12-31;;2017-08-31
LTU000000022;;LTU;;;756.00;0.00;0.00;;46.28;44.20;POLARIS;521;KL 521;Klaipeda;;Y;LYLI;Y;N;N;;;FX;;OTB, NK;1578.00;700.00;Metal;;1967-12-20;MFL;1966-12-31;2012-03-01;
LTU000000023;;LTU;;;716.00;0.00;0.00;;46.12;44.20;POLLUX;767;KL 767;Klaipeda;;Y;LYNT;Y;N;N;;;FX;;OTB, OTM;1578.00;700.00;Metal;;1967-12-20;MFL;1966-12-31;2009-09-22;
LTU000000024;;LTU;;;117.00;0.00;0.00;;25.50;22.00;1095;664;KL 664;Klaipeda;;Y;LYNL;Y;N;N;8722238;;FX;;OTB, OTM;221.00;32.00;Metal;;1985-12-30;MFL;1984-12-31;;
LTU000000025;;LTU;;;74.00;0.00;0.00;;26.20;24.60;6952;001;KL 001;Klaipeda;;Y;LYNE;Y;N;N;;;FX;;OTB, GNS;165.00;41.00;Metal;;1972-12-31;MFL;1971-12-31;2007-08-30;
LTU000000026;;LTU;;;206.00;0.00;0.00;;31.60;29.15;ERELIS;646;KL 646;Klaipeda;;Y;LYDZ;Y;N;N;;;FX;;OTB, OTM;224.00;130.00;Metal;;1970-08-22;MFL;1969-12-31;;
LTU000000027;;LTU;;;2548.00;0.00;0.00;;81.94;73.00;APUOKAS;681;KL 681;Klaipeda;;Y;LYQK;N;N;N;;;FX;;OTM, NK;2280.00;1180.00;Metal;;1971-10-20;MFL;1970-12-31;;
LTU000000029;;LTU;;;78.00;0.00;0.00;;25.23;22.00;6936;483;KL 483;Klaipeda;;Y;LYNH;Y;N;N;;;FX;;OTB, GNS;165.00;25.00;Metal;;1971-12-31;MFL;1970-12-31;2005-03-08;
LTU000000030;;LTU;;;3867.00;0.00;0.00;;101.48;93.91;ZUNDA;732;KL 732 ZUNDA;Klaipeda;;Y;LYNZ;Y;N;N;;;FX;;OTM, NK;2854.00;2205.00;Metal;;1982-03-31;MFL;1981-12-31;;
LTU000000031;;LTU;;;3879.00;0.00;0.00;;101.83;93.90;UTENA;729;KL-729 UTENA;Klaipeda;;Y;LYFI;Y;N;N;;;FX;;OTM, NK;2854.00;2205.00;Metal;;1974-12-02;MFL;1973-12-31;2005-06-21;
LTU000000032;;LTU;;;3879.00;0.00;0.00;;101.85;93.90;MAIRONIS;728;KL-728 MAIRONI;Klaipeda;;Y;LYFR;Y;N;N;;;FX;;OTM, NK;2854.00;2205.00;Metal;;1976-03-01;MFL;1975-12-31;2005-07-14;
LTU000000033;277200000;LTU;;;118.00;0.00;0.00;;25.50;22.00;LBB - 1026;185;KL 185;Klaipeda;;Y;LYND;Y;Y;Y;8876601;;FX;;OTB, NK;221.00;22.20;Metal;;1975-12-29;MFL;1974-12-31;;
LTU000000034;;LTU;;;2772.00;0.00;0.00;;83.90;78.19;NERINGA;730;KL-730 NERINGA;Klaipeda;;Y;LYNY;Y;N;N;;;FX;;OTM, NK;1471.00;1305.00;Metal;;1973-08-01;MFL;1972-12-31;2005-06-21;
LTU000000035;;LTU;;;2822.00;0.00;0.00;;83.91;78.19;RADVILA;731;KL 731 RADVILA;Klaipeda;;Y;LYNX;Y;N;N;;;FX;;OTM, NK;1471.00;1305.00;Metal;;1976-03-01;MFL;1975-12-31;;
LTU000000036;;LTU;;;5953.00;0.00;0.00;;117.45;0.00;BALANDIS;650;KL 650;Klaipeda;;Y;LYOQ;N;N;N;;;FX;;OTM, NK;5296.00;663.00;Metal;;1980-06-30;MFL;1978-12-31;;
LTU000000037;;LTU;;;3951.00;0.00;0.00;;101.84;91.80;KIRAS;694;KL 694;Klaipeda;;Y;LYQR;Y;N;N;;;FX;;OTM, NK;2854.00;1040.00;Metal;;1976-01-20;MFL;1975-12-31;2004-08-27;
LTU000000038;;LTU;;;2811.00;0.00;0.00;;83.90;76.36;PELEDA;687;KL 687;Klaipeda;;Y;LYQQ;Y;N;N;;;FX;;OTM, NK;1471.00;320.00;Metal;;1973-02-23;MFL;1972-12-31;2007-05-24;
LTU000000039;;LTU;;;5955.00;0.00;0.00;;117.50;0.00;KOVAS;419;KL 419;Klaipeda;;Y;LYFO;N;N;N;7436428;;FX;;OTM, NK;5296.00;663.00;Metal;;1979-11-30;MFL;1978-12-31;;
LTU000000040;277178000;LTU;;;74.00;0.00;0.00;;23.98;22.15;LBB-6935;P-500;KL P-500;Klaipeda;;Y;LYLO;Y;N;Y;;;FX;;GNS, FPO;165.60;22.20;Metal;;1970-12-31;MFL;1970-01-01;;
LTU000000041;;LTU;;;117.00;0.00;0.00;;25.50;22.00;756;577;KL 577;Klaipeda;;Y;LYOH;Y;N;N;8729585;;FX;;OTB, OTM;220.00;35.20;Metal;;1989-12-31;MFL;1989-01-01;;
LTU000000042;;LTU;;;79.50;0.00;0.00;;23.40;22.00;JURATE;P - 324;KL P - 324;Klaipeda;;Y;LYMC;Y;N;N;;;FX;;GNS, GND;110.00;16.00;Metal;;1959-07-15;MFL;1957-12-31;2005-02-03;
LTU000000043;;LTU;;;117.00;0.00;0.00;;25.40;22.00;DARIUS;420;KL 420;Klaipeda;;Y;LYII;Y;N;N;9100956;;FX;;OTB, OTM;294.00;19.13;Metal;;1994-11-22;MFL;1992-12-31;;2019-11-08
LTU000000044;;LTU;;;58.00;0.00;0.00;;20.86;18.00;LBB - 6940;591;KL 591;Klaipeda;;Y;LYMU;Y;N;N;;;FX;;GNS, LLD;132.00;16.00;Metal;;1968-05-15;MFL;1966-12-31;2005-02-18;
LTU000000045;;LTU;;;58.00;0.00;0.00;;20.86;18.00;LBB - 6942;542;KL 542;Klaipeda;;Y;LYMW;Y;N;N;;;FX;;GNS, LLD;132.00;16.00;Metal;;1968-05-15;MFL;1966-12-31;2007-08-06;
LTU000000046;;LTU;;;117.00;0.00;0.00;;25.50;0.00;RYTAS;854;KL 854;Klaipeda;;Y;LYKG;N;N;N;8854213;;FX;;OTM, OTB;221.00;29.20;Metal;;1991-12-31;MFL;1990-12-31;;
LTU000000047;;LTU;;;117.00;0.00;0.00;;25.50;0.00;VILNIS;858;KL 858;Klaipeda;;Y;LYMV;Y;N;N;8829244;;FX;;OTB, OTM;220.00;29.20;Metal;;1990-08-20;MFL;1989-12-31;;
LTU000000048;;LTU;;;0.62;0.00;0.00;;4.35;0.00;KL 2009;KL 2009;KL 2009;Klaipeda;;N;;N;N;N;;;FX;;GNS, LLS;0.00;0.00;Fiber/Plastic;;1992-12-30;MFL;1992-01-01;;2023-02-17
LTU000000049;;LTU;;;118.00;0.00;0.00;;25.50;22.00;LBB - 1027;569;KL 569;Klaipeda;;Y;LYNA;Y;N;N;;;FX;;OTM, OTB;221.00;29.20;Metal;;1975-12-31;MFL;1974-12-31;2005-04-07;
LTU000000050;277194000;LTU;;;104.00;0.00;0.00;;26.50;0.00;100;149;KL 149;Klaipeda;;Y;LYAK;N;Y;Y;8331560;;FX;;GNS, OTB;165.00;58.64;Metal;;1985-12-30;MFL;1985-01-01;2022-04-06;
LTU000000051;;LTU;;;76.00;0.00;0.00;;27.10;24.70;AGNES;P 331;KL P 331;Klaipeda;;Y;LYLY;Y;N;N;;;FX;;GNS, GND;221.00;38.50;Metal;;1968-12-31;MFL;1967-12-31;2005-02-03;
LTU000000052;;LTU;;;74.00;0.00;0.00;;25.23;22.10;LBB - 6939;482;KL 482;Klaipeda;;Y;LYON;Y;N;N;;;FX;;GNS, NK;132.00;25.00;Metal;;1970-12-12;MFL;1969-12-31;2005-01-26;
LTU000000053;;LTU;;;74.00;0.00;0.00;;26.20;24.60;LBB - 6950;478;KL 478;Klaipeda;;Y;LYOL;Y;N;N;;;FX;;OTB, GNS;165.00;43.75;Metal;;1971-12-31;MFL;1970-12-31;;2006-07-26
LTU000000054;;LTU;;;74.00;0.00;0.00;;25.23;0.00;LBB - 6934;477;KL 477;Klaipeda;;Y;LYOM;Y;N;N;;;FX;;GNS, NK;132.00;43.75;Metal;;1969-12-31;MFL;1968-12-31;2007-10-08;
LTU000000055;;LTU;;;74.00;0.00;0.00;;25.23;22.00;LBB - 6933;143;KL 143;Klaipeda;;Y;LYNC;Y;N;N;;;FX;;GNS, LLD;132.00;43.00;Metal;;1969-12-31;MFL;1968-12-31;2005-02-18;
LTU000000056;;LTU;;;118.00;0.00;0.00;;25.50;0.00;1009;475;KL 475;Klaipeda;;Y;LYNR;Y;N;N;;;FX;;OTB, OTM;221.00;32.00;Metal;;1973-12-31;MFL;1972-12-31;2005-05-23;
LTU000000057;277215000;LTU;;;120.00;0.00;0.00;;25.50;22.00;169;247;KL 247;Klaipeda;;Y;LYNQ;Y;Y;Y;8925517;;FX;;OTB, OTM;221.00;32.00;Metal;;1982-12-31;MFL;1981-12-31;;
LTU000000058;;LTU;;;194.00;0.00;0.00;;31.70;29.15;AUSRA;369;KL 369;Klaipeda;;Y;LYAL;Y;N;N;;;FX;;OTB, NK;224.00;128.00;Metal;;1972-12-29;MFL;1971-12-31;2005-01-28;
LTU000000059;;LTU;;;74.00;0.00;0.00;;25.23;22.00;LEO;P - 380;KL P - 380;Klaipeda;;Y;LYRS;Y;N;N;;;FX;;GNS, LLS;132.00;29.24;Metal;;1969-12-31;MFL;1968-12-31;2013-08-05;
LTU000000060;;LTU;;;118.00;0.00;0.00;;25.50;24.00;ALFA;860;KL 860;Klaipeda;;Y;LYMR;N;N;N;;;FX;;OTM, OTB;221.00;38.00;Metal;;1977-12-31;MFL;1976-12-31;;
LTU000000061;;LTU;;;194.00;0.00;0.00;;31.70;29.15;STRIMELE;212;KL 212;Klaipeda;;Y;LYHG;Y;N;N;;;FX;;OTB, NK;224.00;64.00;Metal;;1975-12-31;MFL;1974-12-31;2007-08-16;
LTU000000062;;LTU;;;194.00;0.00;0.00;;31.62;29.15;ZEIMENA;371;KL 371;Klaipeda;;Y;LYAM;Y;N;N;;;FX;;OTB, OTM;224.00;126.00;Metal;;1974-08-01;MFL;1973-12-31;2007-08-24;
LTU000000063;;LTU;;;120.00;0.00;0.00;;25.40;0.00;MARGO;665;KL 665;Klaipeda;;Y;LYKB;Y;N;N;;;FX;;OTB, OTM;221.00;16.00;Metal;;1981-12-31;MFL;1980-12-31;2005-04-29;
LTU000000064;;LTU;;;193.00;0.00;0.00;;31.62;30.00;REKYVA;703;KL 703;Klaipeda;;Y;LYBT;Y;N;N;;;FX;;OTB, OTM;224.00;128.00;Metal;;1971-12-31;MFL;1970-12-31;2007-09-17;
LTU000000065;;LTU;;;74.00;0.00;0.00;;26.20;24.60;ROANDA - 01;493;KL 493;Klaipeda;;Y;LYNB;Y;N;N;;;FX;;OTB, NK;132.00;38.00;Metal;;1974-12-31;MFL;1973-12-31;2007-08-27;
LTU000000067;277187000;LTU;;;118.00;0.00;0.00;;25.45;22.00;LBB - 1010;473;KL 473;Klaipeda;;Y;LYMY;N;Y;Y;8876699;;FX;;OTB, OTM;221.00;38.00;Metal;;1973-12-30;MFL;1973-01-01;2023-03-01;
LTU000000068;;LTU;;;74.00;0.00;0.00;;25.23;22.10;LBB - 6932;182;KL 182;Klaipeda;;Y;LYMZ;Y;N;N;;;FX;;GNS, LLS;132.00;44.00;Metal;;1969-12-31;MFL;1968-12-31;2005-04-20;
LTU000000069;277189000;LTU;;;117.00;0.00;0.00;;25.50;0.00;694;377;KL 377;Klaipeda;;Y;LYJB;Y;Y;Y;8722496;;FX;;OTB, OTM;220.00;38.00;Metal;;1986-12-30;MFL;1985-12-31;;
LTU000000070;;LTU;;;38.21;0.00;0.00;;16.50;15.70;PTB - 6918;P -142;KL P - 142;Klaipeda;;Y;LYLQ;Y;N;N;;;FX;;GNS, OTB;110.00;1.20;Metal;;1955-12-30;MFL;1954-12-31;2005-02-04;
LTU000000071;;LTU;;;38.21;0.00;0.00;;16.50;15.70;PILENAS;P -268;KL P - 268;Klaipeda;;Y;LYQE;Y;N;N;;;FX;;GNS, OTB;110.00;1.20;Metal;;1954-12-31;MFL;1953-12-31;2005-02-04;
LTU000000072;;LTU;;;104.00;0.00;0.00;;26.50;22.90;137;065;KL 065;Klaipeda;;Y;LYEM;Y;N;N;;;FX;;OTB, NK;165.00;29.40;Metal;;1984-12-31;MFL;1983-12-31;2007-09-20;
LTU000000073;277222000;LTU;;;74.00;0.00;0.00;;25.23;0.00;LBB - 6931;476;KL 476;Klaipeda;;Y;LYNV;Y;Y;Y;;;FX;;GNS, OTB;132.00;27.00;Metal;;1969-03-11;MFL;1967-12-31;2022-05-18;
LTU000000075;277221000;LTU;;;77.00;0.00;0.00;;26.20;24.60;104;554;KL 554;Klaipeda;;Y;LYLV;Y;Y;Y;;;FX;;GNS, OTB;165.00;43.00;Metal;;1977-06-15;MFL;1976-01-01;;
LTU000000076;;LTU;;;74.00;0.00;0.00;;26.20;24.60;103;548;KL 548;Klaipeda;;Y;LYKI;Y;Y;N;;;FX;;GNS, NK;165.00;43.00;Metal;;1979-06-19;MFL;1978-01-01;2023-09-22;
LTU000000077;;LTU;;;118.00;0.00;0.00;;25.45;0.00;FREISA;519;KL 519;Klaipeda;;Y;LYOK;Y;N;N;;;FX;;OTB, OTM;221.00;25.20;Metal;;1972-12-29;MFL;1971-12-31;2013-12-05;
LTU000000078;;LTU;;;74.00;0.00;0.00;;26.20;24.60;BUTINGE;184;KL 184;Klaipeda;;Y;LYNU;Y;N;N;;;FX;;GNS, NK;165.00;26.20;Metal;;1971-12-31;MFL;1970-12-31;2007-10-11;
LTU000000079;277217000;LTU;;;117.00;0.00;0.00;;25.50;22.00;652;366;KL 366;Klaipeda;;Y;LYLM;Y;Y;Y;8138982;;FX;;OTB, OTM;221.00;24.00;Metal;;1984-03-11;MFL;1982-12-31;;
LTU000000080;;LTU;;;76.00;0.00;0.00;;27.10;24.60;LEON;P - 263;KL P - 263;Klaipeda;;Y;LYNS;Y;N;N;;;FX;;GNS, OTB;165.00;29.40;Metal;;1971-05-10;MFL;1970-12-31;2005-03-10;
LTU000000081;;LTU;;;72.00;0.00;0.00;;25.23;0.00;ERLA;686;KL 686;Klaipeda;;Y;LYOF;Y;N;N;;;FX;;GNS, OTB;132.00;29.40;Metal;;1965-12-31;MFL;1964-12-31;2005-04-28;
LTU000000082;;LTU;;;22.37;0.00;0.00;;14.60;0.00;KOPGALIS;P - 362;KL P - 362;Klaipeda;;N;;N;N;N;;;FX;;GNS, GND;110.00;0.00;Metal;;1978-12-31;MFL;1978-01-01;;
LTU000000084;;LTU;;;74.00;0.00;0.00;;25.23;22.00;KRAPA;670;KL 670;Klaipeda;;Y;LYOG;Y;N;N;;;FX;;OTB, OTM;166.00;25.00;Metal;;1971-12-31;MFL;1970-12-31;2009-06-12;
LTU000000085;;LTU;;;120.00;0.00;0.00;;25.40;0.00;PALANGA;866;KL 866;Klaipeda;;Y;LYAQ;Y;N;N;;;FX;;OTM, OTB;221.00;16.00;Metal;;1978-12-29;MFL;1977-12-31;;2014-09-05
LTU000000086;;LTU;;;58.60;0.00;0.00;;20.86;18.00;VILTIS;278 - P;KL 278 - P;Klaipeda;;Y;LYMT;Y;N;N;;;FX;;GNS, LLS;132.00;30.00;Metal;;1967-12-31;MFL;1966-12-31;2005-02-04;
LTU000000087;;LTU;;;74.00;0.00;0.00;;25.23;22.00;LBB - 6929;714;KL 714;Klaipeda;;Y;LYMS;Y;N;N;;;FX;;OTB, GNS;165.00;30.00;Metal;;1970-12-31;MFL;1969-12-31;;2008-11-28
LTU000000088;;LTU;;;76.00;0.00;0.00;;27.10;24.70;AUDRU;P 266;KL P 266;Klaipeda;;Y;LYQP;Y;N;N;;;FX;;OTB, OTM;166.00;19.00;Metal;;1973-12-31;MFL;1972-12-31;2004-09-14;
LTU000000089;;LTU;;;876.00;0.00;0.00;;44.91;42.00;POLARTRAL;699;KL 699;Klaipeda;;Y;LYQW;Y;N;N;;;FX;;OTB, NK;2208.00;177.00;Metal;;1980-09-26;MFL;1979-12-31;;
LTU000000090;277186000;LTU;;;117.00;0.00;0.00;;25.50;0.00;LBB - 1100;505;KL 505;Klaipeda;;Y;LYMX;N;Y;Y;8722733;;FX;;OTB, OTM;220.00;32.00;Metal;;1985-12-30;MFL;1984-12-31;2021-11-08;
LTU000000091;277185000;LTU;;;117.00;0.00;0.00;;25.50;0.00;LBB - 1124;506;KL 506;Klaipeda;;Y;LYBO;N;Y;Y;8729298;;FX;;OTB, OTM;220.00;32.00;Metal;;1989-12-28;MFL;1989-01-01;;
LTU000000092;;LTU;;;20.11;0.00;0.00;;14.60;0.00;ESERYS;P-261;KL P-261;Klaipeda;;N;;N;N;N;;;FX;;GNS, NK;110.00;0.00;Metal;;1979-12-31;MFL;1978-12-31;2005-05-10;
LTU000000093;;LTU;;;0.93;0.00;0.00;;6.00;0.00;N 1210;N 1210;N 1210;Neringa;;N;;N;N;N;;;FX;;GNS, NK;22.80;0.00;Wood;;2000-06-28;MFL;1999-12-31;;2008-02-05
LTU000000094;;LTU;;;0.64;0.00;0.00;;6.00;0.00;N 752;N 752;N 752;Neringa;;N;;N;N;N;;;FX;;GNS, FPO;0.00;0.00;Wood;;1997-08-11;MFL;1996-12-31;;2013-09-09
LTU000000095;;LTU;;;0.90;0.00;0.00;;4.90;0.00;LT-P-921;LT-P-921;LT-P-921;Klaipeda;;N;;N;N;N;;;FX;;GNS, FPO;18.58;0.00;Fiber/Plastic;;1987-12-30;MFL;1987-01-01;;
LTU000000096;;LTU;;;1.26;0.00;0.00;;5.75;0.00;KL 4429;KL 4429;KL 4429;Klaipeda;;N;;N;N;N;;;FX;;GNS, LLS;18.40;0.00;Metal;;1983-12-30;MFL;1982-12-31;2010-08-23;
LTU000000097;;LTU;;;0.37;0.00;0.00;;4.00;0.00;334 N;334 N;334 N;Neringa;;N;;N;N;N;;;FX;;GNS, FPO;22.08;0.00;Wood;;1997-12-31;MFL;1996-12-31;;2011-02-02
LTU000000098;;LTU;;;0.62;0.00;0.00;;4.69;0.00;KL 1811;KL 1811;KL 1811;Klaipeda;;N;;N;N;N;;;FX;;GNS, FPO;58.88;0.00;Metal;;1982-12-31;MFL;1982-01-01;;
LTU000000099;;LTU;;;5.01;0.00;0.00;;10.40;0.00;LT-P-897;LT-P-897;LT-P-897;Klaipeda;;N;;N;N;N;;;FX;;GNS, FPO;52.00;0.00;Metal;;1978-12-28;MFL;1978-01-01;;
LTU000000100;;LTU;;;6.06;0.00;0.00;;10.70;0.00;KL 1156;KL 1156;KL 1156;Klaipeda;;N;;N;N;N;;;FX;;GNS, LLS;47.84;0.00;Metal;;1970-12-31;MFL;1969-12-31;;2011-02-02
LTU000000101;;LTU;;;0.68;0.00;0.00;;4.65;0.00;KL 1708;KL 1708;KL 1708;Klaipeda;;N;;N;N;N;;;FX;;GNS, FPO;18.40;0.00;Metal;;1976-12-31;MFL;1975-12-31;;2008-10-20
LTU000000102;;LTU;;;1.82;0.00;0.00;;7.00;0.00;LT-P-708;LT-P-708;LT-P-708;Klaipeda;;N;;N;N;N;;;FX;;GNS, LLS;29.44;0.00;Fiber/Plastic;;2002-09-24;MFL;2001-12-31;2016-07-05;
LTU000000103;;LTU;;;0.82;0.00;0.00;;4.63;0.00;KL 1757;KL 1757;KL 1757;Klaipeda;;N;;N;N;N;;;FX;;GNS, NK;0.00;0.00;Metal;;1971-12-31;MFL;1970-12-31;2009-07-28;
LTU000000104;;LTU;;;1.24;0.00;0.00;;5.62;0.00;KL 5638;KL 5638;KL 5638;Klaipeda;;N;;N;N;N;;;FX;;GNS, FPO;23.00;0.00;Metal;;1978-12-29;MFL;1977-12-31;2010-06-21;
LTU000000105;;LTU;;;0.28;0.00;0.00;;3.80;0.00;KL 5019;KL 5019;KL 5019;Klaipeda;;N;;N;N;N;;;FX;;GNS, LLS;0.00;0.00;Wood;;1991-06-18;MFL;1989-12-31;;2022-02-15
LTU000000106;;LTU;;;8.46;0.00;0.00;;10.00;0.00;KL 4354;KL 4354;KL 4354;Klaipeda;;N;;N;N;N;;;FX;;GNS, FPO;29.44;0.00;Metal;;1983-12-30;MFL;1982-12-31;;2008-11-11
LTU000000107;;LTU;;;1.28;0.00;0.00;;5.75;0.00;KL 5628;KL 5628;KL 5628;Klaipeda;;N;;N;N;N;;;FX;;GNS, FPO;7.29;0.00;Metal;;1977-12-30;MFL;1977-01-01;;
LTU000000109;;LTU;;;0.71;0.00;0.00;;4.90;0.00;KL 1656;KL 1656;KL 1656;Klaipeda;;N;;N;N;N;;;FX;;GNS, FPO;18.40;0.00;Metal;;1979-12-31;MFL;1978-12-31;;2006-09-05
LTU000000110;;LTU;;;4.33;0.00;0.00;;8.50;0.00;RIKNEDA;KL 4422;KL 4422;Klaipeda;;N;;N;N;N;;;FX;;GNS, OTB;44.00;0.00;Metal;;1970-12-31;MFL;1969-12-31;;2004-05-03
LTU000000111;;LTU;;;10.96;0.00;0.00;;11.90;0.00;NEDA;KL 5475;KL 5475 NEDA;Klaipeda;;N;;N;N;N;;;FX;;GNS, OTB;44.52;0.00;Metal;;1980-12-31;MFL;1980-01-01;;
LTU000000112;;LTU;;;0.50;0.00;0.00;;4.06;0.00;KL 434;KL 434;KL 434;Klaipeda;;N;;N;N;N;;;FX;;GNS, LLS;14.70;0.00;Metal;;1969-12-31;MFL;1968-12-31;2009-07-28;
LTU000000113;;LTU;;;1.00;0.00;0.00;;5.50;0.00;KL 1722;KL 1722;KL 1722;Klaipeda;;N;;N;N;N;;;FX;;GNS, LLS;4.41;0.00;Fiber/Plastic;;1986-12-31;MFL;1985-12-31;2009-07-28;
LTU000000114;;LTU;;;0.75;0.00;0.00;;4.65;0.00;KL 4356;KL 4356;KL 4356;Klaipeda;;N;;N;N;N;;;FX;;GNS, LLS;18.38;0.00;Metal;;1987-12-31;MFL;1986-12-31;2010-09-20;
LTU000000115;;LTU;;;1.01;0.00;0.00;;4.80;0.00;KL 1662;KL 1662;KL 1662;Klaipeda;;N;;N;N;N;;;FX;;GNS, LLS;18.00;0.00;Fiber/Plastic;;1980-12-31;MFL;1979-12-31;;2014-04-16
LTU000000116;;LTU;;;0.63;0.00;0.00;;4.67;0.00;KL 5662;KL 5662;KL 5662;Klaipeda;;N;;N;N;N;;;FX;;GNS, LLS;15.00;0.00;Wood;;1982-12-31;MFL;1981-12-31;;2005-04-12
LTU000000117;;LTU;;;0.18;0.00;0.00;;3.80;0.00;N 966;N 966;N 966;Neringa;;N;;N;N;N;;;FX;;GNS, LLS;7.48;0.00;Wood;;1987-12-30;MFL;1987-01-01;;2025-02-11
LTU000000118;;LTU;;;0.22;0.00;0.00;;3.00;0.00;KL 1305;KL 1305;KL 1305;Klaipeda;;N;;N;N;N;;;FX;;GNS, LLS;0.00;0.00;Fiber/Plastic;;1972-12-28;MFL;1972-01-01;;2024-04-16
LTU000000119;;LTU;;;0.75;0.00;0.00;;4.65;0.00;N 263;N 263;N 263;Neringa;;N;;N;N;N;;;FX;;GNS, LLS;14.60;0.00;Metal;;1974-12-29;MFL;1974-01-01;;2025-02-11
LTU000000120;;LTU;;;0.39;0.00;0.00;;3.50;0.00;N 722;N 722;N 722;Klaipeda;;N;;N;N;N;;;FX;;GNS, LLS;3.68;0.00;Fiber/Plastic;;1983-12-30;MFL;1983-01-01;;
LTU000000121;;LTU;;;0.89;0.00;0.00;;4.69;0.00;KL 6153;KL 6153;KL 6153;Klaipeda;;N;;N;N;N;;;FX;;GNS, LLS;22.08;0.00;Metal;;1982-12-31;MFL;1982-01-01;;
LTU000000122;;LTU;;;6.06;0.00;0.00;;10.70;0.00;UOSIS;KL 3597;KL 3597;Klaipeda;;N;;N;N;N;;;FX;;GNS, FPO;60.35;0.00;Metal;;1989-12-31;MFL;1989-01-01;;
LTU000000123;;LTU;;;0.74;0.00;0.00;;4.90;0.00;KL 680;KL 680;KL 680;Klaipeda;;N;;N;N;N;;;FX;;GNS, FPO;18.40;0.00;Metal;;1979-12-31;MFL;1979-01-01;;
LTU000000124;;LTU;;;5.00;0.00;0.00;;9.00;0.00;KL 3595;KL 3595;KL 3595;Klaipeda;;N;;N;N;N;;;FX;;GNS, GTR;62.56;0.00;Metal;;1990-12-30;MFL;1990-01-01;;2024-04-16
LTU000000125;;LTU;;;0.25;0.00;0.00;;3.50;0.00;KL 597;KL 597;KL 597;Klaipeda;;N;;N;N;N;;;FX;;GNS, LLS;0.00;0.00;Fiber/Plastic;;1986-12-30;MFL;1986-01-01;;2023-02-23
LTU000000126;;LTU;;;1.39;0.00;0.00;;6.10;0.00;KL 6649;KL 6649;KL 6649;Klaipeda;;N;;N;N;N;;;FX;;GNS, LLS;7.30;0.00;Metal;;1971-12-30;MFL;1970-12-31;;2022-08-29
LTU000000127;;LTU;;;0.44;0.00;0.00;;4.10;0.00;KL 2065;KL 2065;KL 2065;Klaipeda;;N;;N;N;N;;;FX;;GNS, LLS;30.00;9.90;Metal;;1986-12-31;MFL;1985-12-31;;2004-11-04
LTU000000128;;LTU;;;1.04;0.00;0.00;;7.00;0.00;KL 5523;KL 5523;KL 5523;Klaipeda;;N;;N;N;N;;;FX;;GNS, FPO;22.00;0.00;Wood;;2002-10-02;MFL;2001-12-31;;2010-09-15
LTU000000129;;LTU;;;5.01;0.00;0.00;;10.70;0.00;KL 2902;KL 2902;KL 2902;Klaipeda;;N;;N;N;N;;;FX;;GNS, FPO;48.00;47.79;Metal;;1978-12-31;MFL;1977-12-31;;2010-09-15
LTU000000130;;LTU;;;0.71;0.00;0.00;;7.00;0.00;KL 6117;KL 6117;KL 6117;Klaipeda;;N;;N;N;N;;;FX;;GNS, FPO;22.00;0.00;Wood;;2003-10-02;MFL;2002-12-31;;2010-09-15
LTU000000131;;LTU;;;1.27;0.00;0.00;;5.75;0.00;KL 5062;KL 5062;KL 5062;Klaipeda;;N;;N;N;N;;;FX;;GNS, FIX;11.00;0.00;Metal;;1988-12-29;MFL;1988-01-01;;
LTU000000132;;LTU;;;0.51;0.00;0.00;;4.50;0.00;KL 1276;KL 1276;KL 1276;Klaipeda;;N;;N;N;N;;;FX;;GNS, LLS;0.00;0.00;Fiber/Plastic;;1994-12-30;MFL;1993-12-31;2009-08-12;
LTU000000133;;LTU;;;9.04;0.00;0.00;;10.70;0.00;BANGINIS;KL 4330;KL 4330;Klaipeda;;N;;N;N;N;;;FX;;GNS, FPO;65.00;0.00;Metal;;1980-12-31;MFL;1980-01-01;;
LTU000000134;;LTU;;;0.59;0.00;0.00;;5.20;0.00;LT-P-624;LT-P-624;LT-P-624;Klaipeda;;N;;N;N;N;;;FX;;GNS, LLS;22.00;0.00;Metal;;1986-12-31;MFL;1986-01-01;;
LTU000000135;;LTU;;;0.52;0.00;0.00;;4.75;0.00;462 N;462 N;462 N;Klaipeda;;N;;N;N;N;;;FX;;GNS, FPO;22.00;0.00;Metal;;1970-12-31;MFL;1969-12-31;;2015-12-16
LTU000000136;;LTU;;;1.24;0.00;0.00;;5.75;0.00;KL 4478;KL 4478;KL 4478;Klaipeda;;N;;N;N;N;;;FX;;GNS, LLS;14.72;0.00;Metal;;1985-12-31;MFL;1984-12-31;;2007-03-15
LTU000000137;;LTU;;;0.49;0.00;0.00;;4.06;0.00;KL 695;KL 695;KL 695;Klaipeda;;N;;N;N;N;;;FX;;GNS, LLS;22.08;0.00;Metal;;1969-12-31;MFL;1968-12-31;;2007-03-15
LTU000000138;;LTU;;;1.01;0.00;0.00;;5.70;0.00;KL 3466;KL 3466;KL 3466;Klaipeda;;N;;N;N;N;;;FX;;GNS, NK;20.08;0.00;Fiber/Plastic;;1993-12-31;MFL;1992-12-31;2009-07-28;
LTU000000139;;LTU;;;1.00;0.00;0.00;;5.65;0.00;KL 2015;KL 2015;KL 2015;Klaipeda;;N;;N;N;N;;;FX;;GNS, LLS;28.00;0.00;Fiber/Plastic;;1996-11-30;MFL;1994-12-31;;2006-10-09
LTU000000140;;LTU;;;1.40;0.00;0.00;;6.30;0.00;KL 3979;KL 3979;KL 3979;Klaipeda;;N;;N;N;N;;;FX;;GNS, LLS;36.80;0.00;Metal;;2000-06-01;MFL;1999-12-31;2010-06-03;
LTU000000141;;LTU;;;0.37;0.00;0.00;;5.00;0.00;N 292;N 292;N 292;Neringa;;N;;N;N;N;;;FX;;GNS, GTR;40.00;0.00;Wood;;1991-12-30;MFL;1991-01-01;;2024-04-16
LTU000000142;;LTU;;;0.97;0.00;0.00;;6.80;0.00;N 1627;N 1627;N 1627;Klaipeda;;N;;N;N;N;;;FX;;GNS, GTR;23.00;0.00;Wood;;2003-03-25;MFL;2003-01-01;;2024-04-16
LTU000000143;;LTU;;;0.81;0.00;0.00;;6.00;0.00;N 1747;N 1747;N 1747;Klaipeda;;N;;N;N;N;;;FX;;GNS, GTR;9.90;0.00;Wood;;2003-07-24;MFL;2002-12-31;;2016-04-19
LTU000000144;;LTU;;;0.49;0.00;0.00;;5.50;0.00;KL 4954;KL 4954;KL 4954;Klaipeda;;N;;N;N;N;;;FX;;GNS, FPO;40.00;0.00;Wood;;2001-10-23;MFL;2000-12-31;;2008-10-01
LTU000000145;;LTU;;;5.56;0.00;0.00;;10.00;0.00;KL 3475;KL 3475;KL 3475;Klaipeda;;N;;N;N;N;;;FX;;GNS, LLS;50.00;0.00;Metal;;1972-12-29;MFL;1971-12-31;2010-05-24;
LTU000000146;;LTU;;;0.81;0.00;0.00;;6.00;0.00;239 N;239 N;239 N;Klaipeda;;N;;N;N;N;;;FX;;GNS, FPO;18.40;0.00;Wood;;1990-12-31;MFL;1989-12-31;;2008-11-11
LTU000000147;;LTU;;;0.81;0.00;0.00;;6.00;0.00;236 N;236 N;236 N;Klaipeda;;N;;N;N;N;;;FX;;GNS, FPO;18.40;0.00;Wood;;1994-06-06;MFL;1993-12-31;;2009-02-20
LTU000000149;;LTU;;;11.88;0.00;0.00;;10.70;0.00;LT-P-540;LT-P-540;LT-P-540;Klaipeda;;N;;N;N;N;;;FX;;GNS, FPO;44.16;0.00;Metal;;1976-12-31;MFL;1976-01-01;;
LTU000000150;;LTU;;;0.51;0.00;0.00;;6.00;0.00;N 1343;N 1343;N 1343;Klaipeda;;N;;N;N;N;;;FX;;GNS, GTR;17.00;0.00;Wood;;2001-07-18;MFL;1999-12-31;;2016-04-19
LTU000000151;;LTU;;;1.26;0.00;0.00;;5.75;0.00;N 102;N 102;N 102;Klaipeda;;N;;N;N;N;;;FX;;GNS, GTR;60.00;0.00;Metal;;1979-12-31;MFL;1979-01-01;;
LTU000000152;;LTU;;;10.70;0.00;0.00;;9.50;0.00;N 1779;N 1779;N 1779;Klaipeda;;N;;N;N;N;;;FX;;GNS, FIX;55.00;0.00;Fiber/Plastic;;1991-12-30;MFL;1991-01-01;;
LTU000000153;;LTU;;;1.00;0.00;0.00;;5.65;0.00;LT-P-693;LT-P-693;LT-P-693;Klaipeda;;N;;N;N;N;;;FX;;GNS, LLS;14.72;0.00;Fiber/Plastic;;1997-12-31;MFL;1997-01-01;;
LTU000000154;;LTU;;;1.15;0.00;0.00;;5.50;0.00;KL 2141;KL 2141;KL 2141;Klaipeda;;N;;N;N;N;;;FX;;GNS, GND;25.76;0.00;Fiber/Plastic;;1996-12-31;MFL;1995-12-31;2010-06-03;
LTU000000155;;LTU;;;20.14;0.00;0.00;;15.00;0.00;LAGUNA;P 345;KL P 345;Klaipeda;;N;;N;N;N;;;FX;;GNS, GND;66.00;0.00;Metal;;1967-12-29;MFL;1966-12-31;;2009-07-13
LTU000000156;;LTU;;;13.81;0.00;0.00;;15.80;0.00;425 N;425 N;425 N;Klaipeda;;N;;N;N;N;;;FX;;GNS, GND;110.00;0.00;Metal;;1976-12-31;MFL;1975-12-31;2004-05-03;
LTU000000157;;LTU;;;9.73;0.00;0.00;;10.00;0.00;GUNDA;P-244;KL P-244 GUNDA;Klaipeda;;N;;N;N;N;;;FX;;GNS, LLS;55.00;0.00;Metal;;1971-12-31;MFL;1970-12-31;;2007-08-14
LTU000000158;;LTU;;;56.00;0.00;0.00;;16.20;0.00;216;P-216;KLP-216;Klaipeda;;N;;N;N;N;;;FX;;GNS, NK;34.00;0.00;Metal;;1979-12-31;MFL;1978-12-31;2015-03-05;
LTU000000159;;LTU;;;0.61;0.00;0.00;;6.00;0.00;N 286;N 286;N 286;Klaipeda;;N;;N;N;N;;;FX;;GNS, FPO;0.00;0.00;Wood;;1996-12-31;MFL;1995-12-31;;2009-02-20
LTU000000160;;LTU;;;1.05;0.00;0.00;;6.00;0.00;459 N;459 N;459 N;Klaipeda;;N;;N;N;N;;;FX;;GNS, LLS;0.00;0.00;Wood;;2002-07-12;MFL;2001-12-31;;2008-02-05
LTU000000161;;LTU;;;0.43;0.00;0.00;;4.50;0.00;252 KL;252 KL;252 KL;Klaipeda;;N;;N;N;N;;;FX;;GNS, LLS;22.50;0.00;Fiber/Plastic;;1985-12-31;MFL;1984-12-31;2010-03-23;
LTU000000162;;LTU;;;16.61;25.00;0.00;;13.30;0.00;KAROLIS;P 234;KL P 234;Klaipeda;;N;;N;N;N;;;FX;;GNS, OTB;110.00;0.00;Metal;;1969-12-31;MFL;1968-12-31;;2007-09-11
LTU000000163;;LTU;;;3.26;0.00;0.00;;8.00;0.00;248 KL;248 KL;248 KL;Neringa;;N;;N;N;N;;;FX;;GNS, FPO;58.88;0.00;Metal;;1990-12-31;MFL;1989-12-31;;2008-02-05
LTU000000165;;LTU;;;3.79;0.00;0.00;;8.00;0.00;KL 4258;KL 4258;KL 4258;Klaipeda;;N;;N;N;N;;;FX;;GNS, GTR;22.00;0.00;Fiber/Plastic;;1987-12-31;MFL;1986-12-31;;2008-10-13
LTU000000166;;LTU;;;0.90;0.00;0.00;;7.00;0.00;KL 5434;KL 5434;KL 5434;Klaipeda;;N;;N;N;N;;;FX;;GNS, NK;7.29;0.00;Wood;;2002-07-11;MFL;2001-12-31;;2005-11-22
LTU000000167;;LTU;;;5.93;0.00;0.00;;10.70;0.00;GUNDINGA;P 200;KL P 200;Klaipeda;;N;;N;N;N;;;FX;;GNS, LLS;48.00;0.00;Metal;;1976-12-31;MFL;1975-12-31;;2005-12-01
LTU000000168;;LTU;;;22.35;0.00;0.00;;15.00;0.00;DELTA;P 246;KL P 246 DELTA;Klaipeda;;N;;N;N;N;;;FX;;GNS, LLS;110.00;0.00;Metal;;1992-12-31;MFL;1991-12-31;2010-05-24;
LTU000000169;;LTU;;;1.08;0.00;0.00;;6.31;0.00;KL 3758;KL 3758;KL 3758;Klaipeda;;N;;N;N;N;;;FX;;GNS, NK;19.00;0.00;Wood;;2000-12-29;MFL;1999-12-31;;2012-03-20
LTU000000170;;LTU;;;1.40;0.00;0.00;;6.81;0.00;KL 3757;KL 3757;KL 3757;Klaipeda;;N;;N;N;N;;;FX;;GNS, NK;0.00;0.00;Wood;;2000-12-29;MFL;1999-12-31;;2008-10-13
LTU000000171;;LTU;;;1.50;0.00;0.00;;7.50;0.00;KL 2228;KL 2228;KL 2228;Klaipeda;;N;;N;N;N;;;FX;;FPO, GNS;17.70;0.00;Metal;;1968-12-31;MFL;1967-12-31;;2008-11-11
LTU000000172;;LTU;;;4.33;0.00;0.00;;8.50;0.00;KL 572;KL 572;KL 572;Klaipeda;;N;;N;N;N;;;FX;;GNS, LLS;25.00;0.00;Metal;;1975-12-31;MFL;1974-12-31;;2017-05-02
LTU000000173;;LTU;;;0.83;0.00;0.00;;4.69;0.00;KL 1323;KL 1323;KL 1323;Klaipeda;;N;;N;N;N;;;FX;;GNS, LLS;9.90;0.00;Metal;;1982-12-31;MFL;1981-12-31;;2009-09-09
LTU000000174;;LTU;;;0.58;0.00;0.00;;4.10;0.00;V 2979;V 2979;KL V 2979;Klaipeda;;N;;N;N;N;;;FX;;GNS, LLS;19.00;0.00;Metal;;1980-12-31;MFL;1979-12-31;;2005-04-20
LTU000000175;;LTU;;;1.29;0.00;0.00;;5.65;0.00;LT-P-652;LT-P-652;LT-P-652;Klaipeda;;N;;N;N;N;;;FX;;GNS, LLS;29.44;0.00;Fiber/Plastic;;1997-12-31;MFL;1996-12-31;;2017-10-12
LTU000000176;;LTU;;;0.51;0.00;0.00;;4.07;0.00;KL 489;KL 489;KL 489;Klaipeda;;N;;N;N;N;;;FX;;GNS, LLS;30.00;0.00;Wood;;1983-05-04;MFL;1981-12-31;;2011-02-02
LTU000000177;;LTU;;;1.00;0.00;0.00;;5.65;0.00;LT-P-741;LT-P-741;LT-P-741;Klaipeda;;N;;N;N;N;;;FX;;GNS, LLS;29.40;0.00;Fiber/Plastic;;1998-12-31;MFL;1998-01-01;;
LTU000000178;;LTU;;;1.06;0.00;0.00;;5.65;0.00;LT-P-711;LT-P-711;LT-P-711;Klaipeda;;N;;N;N;N;;;FX;;GNS, LLS;18.40;0.00;Fiber/Plastic;;1997-07-22;MFL;1996-01-01;;
LTU000000179;;LTU;;;1.16;0.00;0.00;;5.00;0.00;LT-P-658;658;LT-P-658;Klaipeda;;N;;N;N;N;;;FX;;GN, FIX;14.70;0.00;Fiber/Plastic;;2000-12-31;MFL;1996-01-01;;
LTU000000180;;LTU;;;4.72;0.00;0.00;;9.00;0.00;KL 2535;KL 2535;KL 2535;Klaipeda;;N;;N;N;N;;;FX;;GNS, LLS;19.00;0.00;Metal;;1972-12-29;MFL;1972-01-01;;
LTU000000181;;LTU;;;1.01;0.00;0.00;;5.50;0.00;KL 180;KL 180;KL 180;Klaipeda;;N;;N;N;N;;;FX;;GNS, NK;20.00;0.00;Fiber/Plastic;;1978-10-04;MFL;1976-12-31;2009-07-28;
LTU000000182;;LTU;;;1.05;0.00;0.00;;5.70;0.00;KL 2978;KL 2978;KL 2978;Klaipeda;;N;;N;N;N;;;FX;;GNS, LLS;29.44;0.00;Fiber/Plastic;;1994-11-04;MFL;1992-12-31;2010-06-03;
LTU000000183;;LTU;;;0.80;0.00;0.00;;4.65;0.00;KL 2789;KL 2789;KL 2789;Klaipeda;;N;;N;N;N;;;FX;;GNS, LLS;8.00;0.00;Metal;;1980-08-04;MFL;1979-12-31;;2013-08-29
LTU000000184;;LTU;;;0.80;0.00;0.00;;4.65;0.00;KL 1369;KL 1369;KL 1369;Klaipeda;;N;;N;N;N;;;FX;;GNS, LLS;20.00;0.00;Metal;;1977-11-04;MFL;1975-12-31;2016-12-21;
LTU000000185;;LTU;;;0.43;0.00;0.00;;4.50;0.00;N 604;N 604;N 604;Neringa;;N;;N;N;N;;;FX;;GNS, LLS;30.00;0.00;Metal;;1985-12-31;MFL;1984-12-31;;2004-05-03
LTU000000186;;LTU;;;1.13;0.00;0.00;;5.50;0.00;KL 6698;KL 6698;KL 6698;Klaipeda;;N;;N;N;N;;;FX;;GNS, LLS;18.00;0.00;Fiber/Plastic;;2003-06-01;MFL;2003-01-01;;
LTU000000187;;LTU;;;0.80;0.00;0.00;;4.65;0.00;KL 2995;KL 2995;KL 2995;Klaipeda;;N;;N;N;N;;;FX;;GNS, LLS;18.40;5.52;Metal;;1982-12-31;MFL;1981-12-31;2010-03-26;
LTU000000188;;LTU;;;0.70;0.00;0.00;;4.65;0.00;KL 2145;KL 2145;KL 2145;Klaipeda;;N;;N;N;N;;;FX;;GNS, LLS;24.00;0.00;Metal;;1975-12-31;MFL;1974-12-31;2010-05-24;
LTU000000189;;LTU;;;0.28;0.00;0.00;;3.80;0.00;KL 3794;KL 3794;KL 3794;Klaipeda;;N;;N;N;N;;;FX;;GNS, LLS;18.40;0.00;Fiber/Plastic;;1990-12-31;MFL;1989-12-31;;2010-03-18
LTU000000190;;LTU;;;0.55;0.00;0.00;;4.50;0.00;KL 3474;KL 3474;KL 3474;Klaipeda;;N;;N;N;N;;;FX;;GNS, LLS;22.00;0.00;Fiber/Plastic;;1980-12-31;MFL;1979-12-31;2010-08-30;
LTU000000191;;LTU;;;0.80;0.00;0.00;;4.65;0.00;KL 1263;KL 1263;KL 1263;Klaipeda;;N;;N;N;N;;;FX;;GNS, NK;15.00;0.00;Metal;;1975-12-31;MFL;1974-12-31;;2008-03-13
LTU000000192;;LTU;;;1.37;0.00;0.00;;5.65;0.00;LT-Z-8;LT-Z-8;LT-Z-8;Klaipeda;;N;;N;N;N;;;FX;;GNS, LLS;7.30;0.00;Fiber/Plastic;;2000-12-28;MFL;2000-01-01;;
LTU000000193;;LTU;;;3.74;0.00;0.00;;8.00;0.00;KL 3565;KL 3565;KL 3565;Klaipeda;;N;;N;N;N;;;FX;;GNS, LLS;37.50;0.00;Fiber/Plastic;;1990-12-30;MFL;1989-12-31;2021-12-31;
LTU000000194;;LTU;;;0.64;0.00;0.00;;4.65;0.00;KL 2552;KL 2552;KL 2552;Klaipeda;;N;;N;N;N;;;FX;;GNS, LLS;22.00;0.00;Metal;;1973-12-31;MFL;1972-12-31;2009-07-28;
LTU000000195;;LTU;;;0.44;0.00;0.00;;4.11;0.00;KL 1752;KL 1752;KL 1752;Klaipeda;;N;;N;N;N;;;FX;;GNS, NK;19.00;0.00;Metal;;1976-12-31;MFL;1975-12-31;;2011-02-22
LTU000000196;;LTU;;;1.16;0.00;0.00;;5.00;0.00;LT-P-657;657;LT-P-657;Klaipeda;;N;;N;N;N;;;FX;;GN, FIX;14.70;0.00;Fiber/Plastic;;1997-01-24;MFL;1996-01-01;;
LTU000000197;;LTU;;;0.51;0.00;0.00;;4.07;0.00;KL 177;KL 177;KL 177;Klaipeda;;N;;N;N;N;;;FX;;GNS, LLS;15.00;0.00;Wood;;1982-12-31;MFL;1981-12-31;;2007-03-29
LTU000000198;;LTU;;;7.17;0.00;0.00;;10.70;0.00;N 177;N 177;N 177;Neringa;;N;;N;N;N;;;FX;;GNS, FPO;45.00;0.00;Metal;;1979-12-31;MFL;1978-12-31;;2008-11-07
LTU000000199;;LTU;;;6.96;0.00;0.00;;10.70;0.00;KL 6665;KL 6665;KL 6665;Klaipeda;;N;;N;N;N;;;FX;;GNS, FPO;90.00;0.00;Metal;;1980-12-31;MFL;1979-12-31;;2017-08-25
LTU000000200;;LTU;;;0.64;0.00;0.00;;4.00;0.00;KL 159;KL 159;KL 159;Klaipeda;;N;;N;N;N;;;FX;;GNS, LLS;4.00;0.00;Fiber/Plastic;;1985-12-31;MFL;1984-12-31;2009-07-28;
LTU000000201;;LTU;;;3.77;0.00;0.00;;8.00;0.00;KL 5578;KL 5578;KL 5578;Klaipeda;;N;;N;N;N;;;FX;;GNS, NK;55.00;0.00;Fiber/Plastic;;1975-12-30;MFL;1975-01-01;;2024-04-16
LTU000000202;;LTU;;;5.79;0.00;0.00;;9.20;0.00;VIKA;KL 4888;KL 4888;Klaipeda;;N;;N;N;N;;;FX;;GNS, LLS;73.00;0.00;Fiber/Plastic;;1989-12-29;MFL;1988-12-31;2010-03-29;
LTU000000203;;LTU;;;4.60;0.00;0.00;;9.00;0.00;KL 6690;KL 6690;KL 6690;Klaipeda;;N;;N;N;N;;;FX;;GNS, LLS;40.48;18.40;Metal;;1966-12-30;MFL;1965-12-31;;2007-08-14
LTU000000204;;LTU;;;0.75;0.00;0.00;;4.65;0.00;LT-Z-6;LT-Z-6;LT-Z-6;Klaipeda;;N;;N;N;N;;;FX;;GNS, FPO;14.70;0.00;Aluminium;;1972-12-28;MFL;1972-01-01;;
LTU000000205;;LTU;;;3.74;0.00;0.00;;8.00;0.00;KL 1593;KL 1593;KL 1593;Klaipeda;;N;;N;N;N;;;FX;;GNS, GND;18.00;0.00;Fiber/Plastic;;1979-12-31;MFL;1978-12-31;;2007-06-05
LTU000000206;;LTU;;;0.80;0.00;0.00;;4.65;0.00;KL 4479;KL 4479;KL 4479;Klaipeda;;N;;N;N;N;;;FX;;GNS, LLS;4.40;0.00;Metal;;1968-12-31;MFL;1967-12-31;2010-06-03;
LTU000000207;;LTU;;;0.80;0.00;0.00;;4.65;0.00;KL 2210;KL 2210;KL 2210;Klaipeda;;N;;N;N;N;;;FX;;GNS, LLS;4.40;0.00;Metal;;1982-12-30;MFL;1981-12-31;;2022-02-09
LTU000000208;;LTU;;;0.68;0.00;0.00;;4.20;0.00;KL 560;KL 560;KL 560;Klaipeda;;N;;N;N;N;;;FX;;GNS, LLS;2.00;0.00;Fiber/Plastic;;1988-12-30;MFL;1987-12-31;;2014-04-16
LTU000000209;;LTU;;;1.26;0.00;0.00;;5.00;0.00;KL 112;KL 112;KL 112;Klaipeda;;N;;N;N;N;;;FX;;GNS, LLS;11.00;0.00;Fiber/Plastic;;1987-12-31;MFL;1986-12-31;;2014-04-16
LTU000000210;;LTU;;;0.35;0.00;0.00;;4.25;0.00;KL 2172;KL 2172;KL 2172;Klaipeda;;N;;N;N;N;;;FX;;GNS, LLS;18.40;5.52;Metal;;1976-12-31;MFL;1975-12-31;;2009-10-05
LTU000000211;;LTU;;;2.29;0.00;0.00;;7.30;0.00;KL 1815;KL 1815;KL 1815;Klaipeda;;N;;N;N;N;;;FX;;GNS, LLS;16.00;0.00;Fiber/Plastic;;1973-12-31;MFL;1972-12-31;2016-07-05;
LTU000000213;;LTU;;;4.33;0.00;0.00;;9.00;0.00;KL 520;KL 520;KL 520;Klaipeda;;N;;N;N;N;;;FX;;GNS, LLS;66.24;0.00;Metal;;1972-12-29;MFL;1971-12-31;;2007-03-15
LTU000000214;;LTU;;;1.45;0.00;0.00;;6.50;0.00;M 1928;M 1928;KL M 1928;Klaipeda;;N;;N;N;N;;;FX;;GNS, LLS;36.80;7.36;Wood;;2002-06-06;MFL;2001-12-31;;2007-03-15
LTU000000215;;LTU;;;3.74;0.00;0.00;;8.00;0.00;KL 521;KL 521;KL 521;Klaipeda;;N;;N;N;N;;;FX;;GNS, LLS;19.00;0.00;Fiber/Plastic;;1980-12-31;MFL;1979-12-31;;2007-03-15
LTU000000216;;LTU;;;1.01;0.00;0.00;;5.70;0.00;KL 2016;KL 2016;KL 2016;Klaipeda;;N;;N;N;N;;;FX;;GNS, LLS;20.00;0.00;Fiber/Plastic;;1996-11-12;MFL;1995-01-01;;
LTU000000217;;LTU;;;7.11;0.00;0.00;;10.70;0.00;OSUPIS;P - 343;KL P - 343;Klaipeda;;N;;N;N;N;;;FX;;GNS, LLS;50.00;0.00;Metal;;1979-05-04;MFL;1977-12-31;2010-05-31;
LTU000000218;;LTU;;;1.00;0.00;0.00;;5.65;0.00;LT-P-721;LT-P-721;LT-P-721;Klaipeda;;N;;N;N;N;;;FX;;GNS, FPO;6.74;0.00;Fiber/Plastic;;1985-01-29;MFL;1985-01-01;;
LTU000000219;;LTU;;;1.33;0.00;0.00;;5.75;0.00;KL 198;KL 198;KL 198;Klaipeda;;N;;N;N;N;;;FX;;FPO, GNS;44.16;0.00;Metal;;1979-12-31;MFL;1978-12-31;;2007-01-02
LTU000000220;;LTU;;;0.80;0.00;0.00;;4.65;0.00;93 KL;93 KL;93 KL;Klaipeda;;N;;N;N;N;;;FX;;GNS, LLS;22.00;0.00;Metal;;1976-12-31;MFL;1975-12-31;;2004-05-03
LTU000000221;;LTU;;;0.24;0.00;0.00;;3.80;0.00;KL 2102;KL 2102;KL 2102;Klaipeda;;N;;N;N;N;;;FX;;GNS, LLS;0.00;0.00;Fiber/Plastic;;1984-12-31;MFL;1983-12-31;;2011-02-02
LTU000000222;;LTU;;;0.55;0.00;0.00;;6.00;0.00;N 757;N 757;N 757;Klaipeda;;N;;N;N;N;;;FX;;GNS, FPO;0.00;0.00;Wood;;1997-08-20;MFL;1996-12-31;;2005-03-20
LTU000000223;;LTU;;;1.33;0.00;0.00;;6.00;0.00;KL 6036;KL 6036;KL 6036;Klaipeda;;N;;N;N;N;;;FX;;GNS, LLS;22.00;0.00;Metal;;1990-12-31;MFL;1989-12-31;2009-07-17;
LTU000000224;;LTU;;;5.80;0.00;0.00;;8.85;0.00;KL 4208;KL 4208;KL 4208;Klaipeda;;N;;N;N;N;;;FX;;GNS, GND;58.88;0.00;Fiber/Plastic;;1982-12-31;MFL;1981-12-31;;2007-08-14
LTU000000225;;LTU;;;1.91;0.00;0.00;;6.00;0.00;KL 6166;KL 6166;KL 6166;Klaipeda;;N;;N;N;N;;;FX;;GNS, LLS;36.80;0.00;Metal;;1979-12-31;MFL;1978-12-31;2009-08-13;
LTU000000226;;LTU;;;0.70;0.00;0.00;;4.69;0.00;KL 6674;KL 6674;KL 6674;Klaipeda;;N;;N;N;N;;;FX;;GNS, LLS;7.35;0.00;Metal;;1981-12-31;MFL;1980-12-31;;2008-04-01
LTU000000227;;LTU;;;0.83;0.00;0.00;;4.69;0.00;KL 2033;KL 2033;KL 2033;Klaipeda;;N;;N;N;N;;;FX;;GNS, LLS;23.00;0.00;Metal;;1982-12-31;MFL;1981-12-31;;2011-02-02
LTU000000228;;LTU;;;0.80;0.00;0.00;;4.20;0.00;KL 129;KL 129;KL 129;Klaipeda;;N;;N;N;N;;;FX;;GNS, LLS;15.00;0.00;Fiber/Plastic;;1975-11-30;MFL;1974-12-31;;2012-05-24
LTU000000229;;LTU;;;0.61;0.00;0.00;;4.50;0.00;KL 604;KL 604;KL 604;Klaipeda;;N;;N;N;N;;;FX;;GNS, LLS;11.00;0.00;Fiber/Plastic;;1975-12-31;MFL;1974-12-31;;2004-05-03
LTU000000230;;LTU;;;0.90;0.00;0.00;;5.65;0.00;KL 5587;KL 5587;KL 5587;Klaipeda;;N;;N;N;N;;;FX;;GNS, LLS;20.00;0.00;Fiber/Plastic;;1995-12-29;MFL;1994-12-31;;2008-02-21
LTU000000231;;LTU;;;7.17;0.00;0.00;;10.70;0.00;N 777;N 777;N 777;Klaipeda;;N;;N;N;N;;;FX;;GNS, LLS;45.00;0.00;Metal;;1987-12-31;MFL;1986-01-01;;
LTU000000232;;LTU;;;10.92;0.00;0.00;;10.00;0.00;KL 6107;KL 6107;KL 6107;Klaipeda;;N;;N;N;N;;;FX;;GNS, NK;47.84;0.00;Metal;;1975-12-31;MFL;1974-12-31;;2008-10-13
LTU000000233;;LTU;;;3.81;0.00;0.00;;8.83;0.00;284 KL;284 KL;284 KL;Klaipeda;;N;;N;N;N;;;FX;;FPO, GNS;17.00;0.00;Wood;;1976-12-31;MFL;1975-12-31;;2007-01-16
LTU000000234;;LTU;;;3.81;0.00;0.00;;8.83;0.00;285 KL;285 KL;285 KL;Klaipeda;;N;;N;N;N;;;FX;;GNS, LLS;17.00;0.00;Wood;;1977-12-29;MFL;1977-01-01;;
LTU000000235;;LTU;;;3.36;0.00;0.00;;8.50;0.00;286 KL;286 KL;286 KL;Klaipeda;;N;;N;N;N;;;FX;;FPO, GNS;17.00;0.00;Wood;;1982-12-31;MFL;1981-12-31;;2007-06-07
LTU000000236;;LTU;;;4.12;0.00;0.00;;8.40;0.00;327 N;327 N;327 N;Klaipeda;;N;;N;N;N;;;FX;;GNS, LLS;0.00;0.00;Wood;;1982-12-30;MFL;1982-01-01;;2024-04-16
LTU000000237;;LTU;;;0.75;0.00;0.00;;4.65;0.00;KL 93;KL 93;KL 93;Klaipeda;;N;;N;N;N;;;FX;;GNS, LLS;19.00;0.00;Metal;;1973-12-31;MFL;1972-12-31;;2011-02-02
LTU000000238;;LTU;;;0.11;0.00;0.00;;2.50;0.00;KL 1928;KL 1928;KL 1928;Klaipeda;;N;;N;N;N;;;FX;;GNS, LLS;0.00;0.00;Other;;1984-12-31;MFL;1983-12-31;;2011-02-02
LTU000000239;;LTU;;;0.11;0.00;0.00;;2.50;0.00;KL 285;KL 285;KL 285;Klaipeda;;N;;N;N;N;;;FX;;GNS, LLS;0.00;0.00;Other;;1986-12-31;MFL;1985-12-31;;2004-05-03
LTU000000240;;LTU;;;0.80;0.00;0.00;;4.65;0.00;KL 286;KL 286;KL 286;Klaipeda;;N;;N;N;N;;;FX;;GNS, LLS;22.00;0.00;Metal;;1978-12-31;MFL;1977-12-31;;2004-05-03
LTU000000241;;LTU;;;0.98;0.00;0.00;;4.63;0.00;KL 284;KL 284;KL 284;Klaipeda;;N;;N;N;N;;;FX;;GNS, LLS;0.00;0.00;Metal;;1969-12-31;MFL;1968-12-31;;2004-05-03
LTU000000243;;LTU;;;4.22;0.00;0.00;;8.60;0.00;KL 699;KL 699;KL 699;Klaipeda;;N;;N;N;N;;;FX;;GNS, LLS;15.00;0.00;Metal;;1970-12-31;MFL;1969-12-31;;2004-05-03
LTU000000244;;LTU;;;0.11;0.00;0.00;;2.50;0.00;KL 4770;KL 4770;KL 4770;Klaipeda;;N;;N;N;N;;;FX;;GNS, LLS;0.00;0.00;Other;;1988-12-30;MFL;1987-12-31;;2011-02-02
LTU000000245;;LTU;;;20.11;25.70;0.00;;14.60;0.00;TAURAS;P 358;KL P 358;Klaipeda;;N;;N;N;N;;;FX;;GNS, LLS;110.00;0.00;Metal;;1979-12-31;MFL;1978-12-31;2009-07-17;
LTU000000246;;LTU;;;1.79;0.00;0.00;;6.70;0.00;KL 2556;KL 2556;KL 2556;Klaipeda;;N;;N;N;N;;;FX;;GNS, LLS;8.83;0.00;Metal;;1989-12-28;MFL;1989-01-01;;2024-04-16
LTU000000247;;LTU;;;0.80;0.00;0.00;;4.65;0.00;KL 5610;KL 5610;KL 5610;Klaipeda;;N;;N;N;N;;;FX;;GNS, LLS;5.00;0.00;Metal;;1968-12-31;MFL;1967-12-31;;2008-01-30
LTU000000248;;LTU;;;7.17;0.00;0.00;;10.70;0.00;N 747;N 747;N 747;Neringa;;N;;N;N;N;;;FX;;FPO, NK;36.80;0.00;Metal;;1987-12-31;MFL;1986-12-31;;2008-02-05
LTU000000249;;LTU;;;1.00;0.00;0.00;;5.65;0.00;KL 2058;KL 2058;KL 2058;Klaipeda;;N;;N;N;N;;;FX;;GNS, LLS;22.00;0.00;Fiber/Plastic;;1997-03-14;MFL;1997-01-01;;
LTU000000250;;LTU;;;2.29;0.00;0.00;;7.30;0.00;KL 1057;KL 1057;KL 1057;Klaipeda;;N;;N;N;N;;;FX;;GNS, FPO;16.27;0.00;Fiber/Plastic;;1981-12-31;MFL;1980-12-31;;2011-02-02
LTU000000251;;LTU;;;2.29;0.00;0.00;;7.30;0.00;KL 1058;KL 1058;KL 1058;Klaipeda;;N;;N;N;N;;;FX;;GNS, LLS;16.27;0.00;Fiber/Plastic;;1981-12-31;MFL;1980-12-31;;2011-02-02
LTU000000252;;LTU;;;2.52;0.00;0.00;;6.50;0.00;KL 2547;KL 2547;KL 2547;Klaipeda;;N;;N;N;N;;;FX;;GNS, FPO;8.83;0.00;Metal;;1984-12-31;MFL;1983-12-31;;2009-10-09
LTU000000254;;LTU;;;1.34;0.00;0.00;;6.20;0.00;KL 5604;KL 5604;KL 5604;Klaipeda;;N;;N;N;N;;;FX;;GNS, LLS;47.00;0.00;Metal;;1977-12-31;MFL;1976-12-31;;2011-02-02
LTU000000255;;LTU;;;0.93;0.00;0.00;;6.00;0.00;358 N;358 N;358 N;Neringa;;N;;N;N;N;;;FX;;GNS, FPO;30.00;0.00;Wood;;1979-12-31;MFL;1978-12-31;;2011-02-02
LTU000000256;;LTU;;;1.29;0.00;0.00;;5.00;0.00;KL 1635;KL 1635;KL 1635;Klaipeda;;N;;N;N;N;;;FX;;GNS, LLS;4.41;0.00;Wood;;1965-12-31;MFL;1964-12-31;;2004-05-03
LTU000000257;;LTU;;;1.23;0.00;0.00;;5.00;0.00;KL 1634;KL 1634;KL 1634;Klaipeda;;N;;N;N;N;;;FX;;GNS, GTR;7.36;0.00;Fiber/Plastic;;1975-12-31;MFL;1975-01-01;;
LTU000000258;;LTU;;;1720.00;0.00;0.00;;52.22;50.60;ARCTIC VIKING;708;KL 708 ARCTIC;Klaipeda;;Y;LYQX;Y;N;N;;;FX;;OTB, NK;2730.00;954.00;Metal;;1986-07-31;MFL;1985-12-31;;
LTU000000259;;LTU;;;8.63;0.00;0.00;;12.20;11.50;KL 2429;KL 2429;KL 2429;Klaipeda;;N;;N;N;N;;;FX;;GNS, GND;110.00;1.50;Metal;;1975-12-31;MFL;1974-12-31;;2004-07-22
LTU000000260;;LTU;;;194.00;0.00;0.00;;31.62;29.15;SIESARTIS;725;KL 725;Klaipeda;;Y;LYHC;Y;N;N;;;FX;;OTM, OTB;224.00;150.00;Metal;;1977-12-31;MFL;1976-12-31;2004-10-11;
LTU000000261;;LTU;;;6.07;0.00;0.00;;10.20;0.00;P-466;P-466;KL P-466;Klaipeda;;N;;N;N;N;;;FX;;GNS, LLS;47.84;0.00;Metal;;1960-12-30;MFL;1959-12-31;2008-03-17;
LTU000000262;;LTU;;;6.06;0.00;0.00;;10.70;0.00;KL 1603;KL 1603;KL 1603;Klaipeda;;N;;N;N;N;;;FX;;LLS, GNS;47.84;0.00;Metal;;1974-12-31;MFL;1973-12-31;;2011-02-22
LTU000000263;;LTU;;;1.05;0.00;0.00;;6.00;0.00;N 778;N 778;N 778;Neringa;;N;;N;N;N;;;FX;;GNS, NK;5.00;0.00;Wood;;1992-12-31;MFL;1991-12-31;;2008-01-22
LTU000000264;;LTU;;;0.72;0.00;0.00;;6.40;0.00;K 3268;K 3268;K 3268;Klaipeda;;N;;N;N;N;;;FX;;GNS, LLS;0.00;15.00;Fiber/Plastic;;1995-12-29;MFL;1995-01-01;;
LTU000000265;;LTU;;;21.48;0.00;0.00;;14.95;0.00;SAIDA;P - 241;KL P - 241;Klaipeda;;N;;N;N;N;;;FX;;GNS, LLS;65.00;0.00;Metal;;1946-12-31;MFL;1945-12-31;2010-03-26;
LTU000000266;;LTU;;;4.56;0.00;0.00;;9.00;0.00;KL 7740;KL 7740;KL 7740;Neringa;;N;;N;N;N;;;FX;;GNS, LLS;58.88;0.00;Fiber/Plastic;;1982-12-31;MFL;1981-12-31;;2008-10-13
LTU000000267;;LTU;;;1.18;0.00;0.00;;8.00;0.00;N 243;N 243;N 243;Neringa;;N;;N;N;N;;;FX;;GNS, FPO;18.40;0.00;Wood;;1975-12-31;MFL;1975-01-01;;
LTU000000268;;LTU;;;0.20;0.00;0.00;;3.50;0.00;N 1212;1212;N 1212;Neringa;;N;;N;N;N;;;FX;;LLS, GNS;0.00;0.00;Fiber/Plastic;;1989-12-29;MFL;1988-12-31;;2006-05-31
LTU000000269;;LTU;;;17.64;10.00;0.00;;14.80;0.00;VYTIS;460 N;N 460 N;Klaipeda;;N;;N;N;N;;;FX;;GNS, NK;110.00;0.00;Metal;;1955-12-30;MFL;1954-12-31;;2008-11-20
LTU000000270;;LTU;;;0.42;0.00;0.00;;4.50;0.00;N 365;N 365;N 365;Neringa;;N;;N;N;N;;;FX;;GNS, NK;7.36;0.00;Metal;;1975-12-31;MFL;1974-12-31;;2011-02-02
LTU000000271;;LTU;;;1.16;0.00;0.00;;7.90;0.00;LT-P-869;LT-P-869;LT-P-869;Klaipeda;;N;;N;N;N;;;FX;;GNS, LLS;7.36;0.00;Wood;;2002-04-22;MFL;2002-01-01;;
LTU000000272;;LTU;;;0.30;0.00;0.00;;4.10;0.00;N 100;N 100;N 100;Neringa;;N;;N;N;N;;;FX;;GNS, LLS;8.80;0.00;Fiber/Plastic;;1985-12-31;MFL;1984-12-31;;2005-10-17
LTU000000273;;LTU;;;0.26;0.00;0.00;;3.16;0.00;KL 2025;KL 2025;KL 2025;Klaipeda;;N;;N;N;N;;;FX;;GNS, LLS;0.00;0.00;Metal;;1991-12-31;MFL;1990-12-31;;2011-02-02
LTU000000274;;LTU;;;6.96;0.00;0.00;;10.70;0.00;N 781;N 781;N 781;Neringa;;N;;N;N;N;;;FX;;GNS, FPO;44.16;0.00;Metal;;1988-12-30;MFL;1987-12-31;;2012-03-01
LTU000000275;;LTU;;;6.96;0.00;0.00;;10.70;0.00;N 780;N 780;N 780;Neringa;;N;;N;N;N;;;FX;;GNS, FPO;44.16;0.00;Metal;;1987-12-31;MFL;1986-12-31;;2008-01-30
LTU000000276;;LTU;;;17.10;0.00;0.00;;11.20;0.00;ARTVĖ;LT-P-529;LT-P-529;Neringa;;N;;N;N;N;;;FX;;GNS, LLS;27.30;0.00;Metal;;1985-10-29;MFL;1985-01-01;;
LTU000000277;;LTU;;;4.80;0.00;0.00;;9.00;0.00;KL 433;KL 433;KL 433;Klaipeda;;N;;N;N;N;;;FX;;GNS, LLS;19.14;0.00;Metal;;1966-12-31;MFL;1965-12-31;;2011-02-02
LTU000000278;;LTU;;;4.80;0.00;0.00;;9.00;0.00;UOTAS;267 P;KL 267 P;Klaipeda;;N;;N;N;N;;;FX;;GNS, NK;17.00;0.00;Metal;;1987-12-31;MFL;1986-12-31;;2011-02-02
LTU000000279;;LTU;;;1.26;0.00;0.00;;5.00;0.00;KL 6175;KL 6175;KL 6175;Klaipeda;;N;;N;N;N;;;FX;;GNS, NK;4.00;0.00;Fiber/Plastic;;1981-12-30;MFL;1980-12-31;2010-03-26;
LTU000000280;;LTU;;;0.77;0.00;0.00;;4.65;0.00;LT-P-714;LT-P-714;LT-P-714;Klaipeda;;N;;N;N;N;;;FX;;GNS, LLS;7.20;0.00;Metal;;1987-12-28;MFL;1986-12-31;;2022-04-19
LTU000000281;;LTU;;;1.29;0.00;0.00;;5.80;0.00;LT-2061;LT-2061;LT-2061;Neringa;;N;;N;N;N;;;FX;;GNS, LLS;53.00;0.00;Metal;;1987-01-01;MFL;1987-01-01;;
LTU000000282;;LTU;;;0.37;0.00;0.00;;4.00;0.00;N-457;N-457;N-457;Neringa;;N;;N;N;N;;;FX;;GNS, LLS;7.30;0.00;Metal;;1994-12-29;MFL;1994-01-01;;
LTU000000283;;LTU;;;7.17;0.00;0.00;;10.70;0.00;N 784;N 784;N 784;Neringa;;N;;N;N;N;;;FX;;GNS, FPO;45.00;0.00;Metal;;1985-05-08;MFL;1983-12-31;;2008-02-05
LTU000000284;;LTU;;;0.23;0.00;0.00;;3.20;0.00;N 697;N 697;N 697;Neringa;;N;;N;N;N;;;FX;;GNS, LLS;3.68;0.00;Fiber/Plastic;;1990-12-31;MFL;1989-12-31;;2014-04-16
LTU000000285;;LTU;;;0.39;0.00;0.00;;3.50;0.00;N 929;N 929;N 929;Klaipeda;;N;;N;N;N;;;FX;;GNS, FPO;0.00;0.00;Metal;;1988-12-29;MFL;1987-12-31;;2015-12-16
LTU000000286;;LTU;;;117.00;0.00;0.00;;25.45;23.06;AIGA;P 376;KL P 376;Klaipeda;;Y;LYRH;Y;N;N;;;FX;;OTB, OTM;220.00;0.00;Metal;;1978-12-31;MFL;1977-12-31;2007-09-27;
LTU000000287;;LTU;;;0.28;0.00;0.00;;3.80;0.00;KL 1588;KL 1588;KL 1588;Klaipeda;;N;;N;N;N;;;FX;;GNS, LLS;5.90;0.00;Wood;;1981-12-31;MFL;1980-12-31;2016-12-21;
LTU000000288;;LTU;;;0.75;0.00;0.00;;4.65;0.00;KL 1306;KL 1306;KL 1306;Neringa;;N;;N;N;N;;;FX;;GNS, LLS;10.00;0.00;Metal;;1980-12-30;MFL;1980-01-01;;
LTU000000289;;LTU;;;0.77;0.00;0.00;;4.45;0.00;356 N;356 N;356 N;Neringa;;N;;N;N;N;;;FX;;GNS, LLS;10.00;0.00;Metal;;1977-12-30;MFL;1976-12-31;2018-12-20;
LTU000000290;;LTU;;;399.00;0.00;0.00;;38.17;32.56;MINGE;723;KL 723;Klaipeda;;Y;LYRI;Y;N;N;;;FX;;OTM, OTB;1200.00;1060.00;Metal;;1977-06-22;MFL;1976-12-31;;
LTU000000291;;LTU;;;7.17;0.00;0.00;;10.70;0.00;N 755;N 755;N 755;Neringa;;N;;N;N;N;;;FX;;GNS, FPO;51.50;0.00;Metal;;1990-12-31;MFL;1989-12-31;;2008-11-07
LTU000000292;;LTU;;;7.17;0.00;0.00;;10.70;0.00;N 761;N 761;N 761;Neringa;;N;;N;N;N;;;FX;;GNS, FPO;85.00;0.00;Metal;;1983-12-29;MFL;1982-12-31;;2008-10-31
LTU000000293;;LTU;;;1.00;0.00;0.00;;5.65;0.00;KL 6147;KL 6147;KL 6147;Klaipeda;;N;;N;N;N;;;FX;;GNS, LLS;25.00;0.00;Wood;;1987-12-31;MFL;1987-01-01;;
LTU000000294;;LTU;;;4.60;0.00;0.00;;9.00;0.00;482  N;482 N;482 N;Neringa;;N;;N;N;N;;;FX;;GNS, NK;18.75;0.00;Fiber/Plastic;;1981-12-31;MFL;1980-12-31;;2015-11-19
LTU000000295;;LTU;;;0.49;0.00;0.00;;4.00;0.00;KL 568;KL 568;KL 568;Klaipeda;;N;;N;N;N;;;FX;;GNS, LLS;7.36;0.00;Fiber/Plastic;;1972-12-29;MFL;1971-12-31;;2008-06-20
LTU000000296;;LTU;;;0.80;0.00;0.00;;4.65;0.00;KL 1570;KL 1570;KL 1570;Klaipeda;;N;;N;N;N;;;FX;;GNS, LLS;5.90;0.00;Metal;;1974-12-31;MFL;1973-12-31;;2008-01-22
LTU000000297;;LTU;;;0.90;0.00;0.00;;5.50;0.00;KL 6504;KL 6504;KL 6504;Klaipeda;;N;;N;N;N;;;FX;;GNS, LLS;20.00;0.00;Fiber/Plastic;;1995-12-29;MFL;1995-01-01;;
LTU000000298;;LTU;;;0.80;0.00;0.00;;4.65;0.00;KL 5206;KL 5206;KL 5206;Klaipeda;;N;;N;N;N;;;FX;;GNS, LLS;20.00;0.00;Metal;;1979-12-31;MFL;1978-12-31;;2008-08-27
LTU000000299;;LTU;;;3.74;0.00;0.00;;8.00;0.00;KL 6146;KL 6146;KL 6146;Klaipeda;;N;;N;N;N;;;FX;;GNS, LLS;24.00;0.00;Fiber/Plastic;;1979-12-31;MFL;1978-12-31;;2007-07-09
LTU000000300;;LTU;;;3981.00;0.00;0.00;;94.02;91.80;KIRAS - I;726;KL 726;Klaipeda;;Y;LYQR;Y;N;N;;;FX;;OTM, NK;2854.00;1040.00;Metal;;1979-12-31;MFL;1978-12-31;2008-07-22;
LTU000000301;;LTU;;;1.09;0.00;0.00;;5.75;0.00;KL 2575;KL 2575;KL 2575;Klaipeda;;N;;N;N;N;;;FX;;GNS, LLS;14.72;0.00;Metal;;1984-12-31;MFL;1983-12-31;2012-08-23;
LTU000000302;;LTU;;;0.75;0.00;0.00;;4.65;0.00;KL 3027;KL 3027;KL 3027;Klaipeda;;N;;N;N;N;;;FX;;GNS, LLS;18.34;0.00;Metal;;1969-12-31;MFL;1968-12-31;2012-08-23;
LTU000000303;;LTU;;;0.80;0.00;0.00;;4.65;0.00;KL 983;KL 983;KL 983;Klaipeda;;N;;N;N;N;;;FX;;GNS, LLS;26.00;0.00;Metal;;1997-12-31;MFL;1996-12-31;;2011-02-02
LTU000000304;;LTU;;;0.34;0.00;0.00;;3.70;0.00;KL 2111;KL 2111;KL 2111;Klaipeda;;N;;N;N;N;;;FX;;GNS, LLS;3.00;0.00;Fiber/Plastic;;1994-12-31;MFL;1993-12-31;2009-08-13;
LTU000000305;;LTU;;;0.60;0.00;0.00;;4.00;0.00;KL 1627;KL 1627;KL 1627;Klaipeda;;N;;N;N;N;;;FX;;GNS, LLS;3.00;0.00;Fiber/Plastic;;1996-01-01;MFL;1993-12-31;;2007-10-25
LTU000000306;;LTU;;;0.47;0.00;0.00;;5.00;0.00;N 727;N 727;N 727;Neringa;;N;;N;N;N;;;FX;;GNS, NK;0.00;0.00;Fiber/Plastic;;1985-12-31;MFL;1984-12-31;;2016-11-30
LTU000000307;;LTU;;;0.67;0.00;0.00;;4.30;0.00;KL 2837;KL 2837;KL 2837;Klaipeda;;N;;N;N;N;;;FX;;GNS, LLS;9.90;0.00;Fiber/Plastic;;1999-08-24;MFL;1997-12-31;;2009-09-02
LTU000000308;;LTU;;;0.75;0.00;0.00;;4.65;0.00;N 726;N 726;N 726;Neringa;;N;;N;N;N;;;FX;;GNS, LLS;18.40;0.00;Metal;;1979-12-31;MFL;1979-01-01;;
LTU000000309;;LTU;;;1.28;0.00;0.00;;5.00;0.00;KL 1988;KL 1988;KL 1988;Klaipeda;;N;;N;N;N;;;FX;;GNS, NK;0.00;0.00;Metal;;1995-12-31;MFL;1994-12-31;;2011-02-02
LTU000000310;;LTU;;;0.44;0.00;0.00;;4.62;0.00;KL 2469;KL 2469;KL 2469;Neringa;;N;;N;N;N;;;FX;;GNS, LLS;22.89;0.00;Metal;;1997-09-09;MFL;1996-12-31;;2014-04-16
LTU000000311;;LTU;;;1.80;0.00;0.00;;6.50;0.00;KL 6703;KL 6703;KL 6703;Klaipeda;;N;;N;N;N;;;FX;;GNS, NK;51.52;0.00;Fiber/Plastic;;1987-12-31;MFL;1986-12-31;2010-06-02;
LTU000000312;;LTU;;;0.59;0.00;0.00;;6.00;0.00;N 397;N 397;N 397;Neringa;;N;;N;N;N;;;FX;;GNS, LLS;0.00;0.00;Wood;;1979-12-31;MFL;1979-01-01;;
LTU000000313;;LTU;;;0.93;0.00;0.00;;6.00;0.00;N 1952;N 1952;N 1952;Neringa;;N;;N;N;N;;;FX;;GNS, LLS;22.00;0.00;Wood;;1990-12-31;MFL;1989-12-31;;2014-04-16
LTU000000314;;LTU;;;0.63;0.00;0.00;;4.65;0.00;LT-P-867;LT-P-867;LT-P-867;Klaipeda;;N;;N;N;N;;;FX;;GNS, LLS;14.67;0.00;Metal;;1970-12-31;MFL;1970-01-01;;
LTU000000315;;LTU;;;1.24;0.00;0.00;;5.75;0.00;KL 5885;KL 5885;KL 5885;Klaipeda;;N;;N;N;N;;;FX;;GNS, LLS;51.52;0.00;Metal;;1989-12-31;MFL;1988-12-31;;2011-02-02
LTU000000316;;LTU;;;0.58;0.00;0.00;;4.35;0.00;KL 2017;KL 2017;KL 2017;Klaipeda;;N;;N;N;N;;;FX;;GNS, NK;11.04;0.00;Fiber/Plastic;;1985-12-31;MFL;1984-12-31;;2008-08-27
LTU000000317;;LTU;;;0.75;0.00;0.00;;4.65;0.00;LT-P-661;LT-P-661;LT-P-661;Klaipeda;;N;;N;N;N;;;FX;;GNS, FPO;15.00;0.00;Metal;;1978-12-31;MFL;1978-01-01;;
LTU000000318;;LTU;;;0.36;0.00;0.00;;4.50;0.00;KL 754;KL 754;KL 754;Klaipeda;;N;;N;N;N;;;FX;;GNS, NK;5.89;0.00;Fiber/Plastic;;1984-12-30;MFL;1984-01-01;;2025-04-24
LTU000000319;;LTU;;;1.26;0.00;0.00;;5.75;0.00;424 N;424 N;424 N;Neringa;;N;;N;N;N;;;FX;;GNS, LLS;36.80;0.00;Metal;;1978-12-31;MFL;1977-12-31;;2009-07-13
LTU000000321;;LTU;;;6.64;0.00;0.00;;9.50;0.00;KL 7666;KL 7666;KL 7666;Klaipeda;;N;;N;N;N;;;FX;;GNS, FPO;58.90;0.00;Metal;;1988-12-31;MFL;1987-12-31;2009-07-28;
LTU000000322;;LTU;;;1.26;0.00;0.00;;5.75;0.00;KL 6668;KL 6668;KL 6668;Klaipeda;;N;;N;N;N;;;FX;;GNS, FPO;37.34;0.00;Metal;;1987-12-31;MFL;1987-01-01;;
LTU000000323;;LTU;;;4.60;0.00;0.00;;9.00;0.00;KL 1484;KL 1484;KL 1484;Klaipeda;;N;;N;N;N;;;FX;;GNS, GND;40.00;0.00;Metal;;1966-12-31;MFL;1965-12-31;;2006-01-05
LTU000000324;;LTU;;;0.37;0.00;0.00;;4.00;0.00;N 2190;N 2190;N 2190;Neringa;;N;;N;N;N;;;FX;;GNS, NK;0.00;0.00;Fiber/Plastic;;1990-12-31;MFL;1989-12-31;2009-07-28;
LTU000000325;;LTU;;;0.84;0.00;0.00;;6.70;0.00;N 2208;N 2208;N 2208;Klaipeda;;N;;N;N;N;;;FX;;GNS, NK;0.00;0.00;Wood;;2001-12-31;MFL;2000-12-31;;2015-11-17
LTU000000326;;LTU;;;0.80;0.00;0.00;;4.65;0.00;KL 9031;KL 9031;KL 9031;Klaipeda;;N;;N;N;N;;;FX;;GNS, LLS;11.04;0.00;Metal;;1980-12-31;MFL;1979-12-31;2010-05-24;
LTU000000327;;LTU;;;2.01;0.00;0.00;;6.50;0.00;KL 7463;KL - 7463;KL 7463;Klaipeda;;N;;N;N;N;;;FX;;GNS, LLS;11.03;0.00;Wood;;2006-09-14;MFL;2005-12-31;2010-06-21;
LTU000000328;;LTU;;;10.36;0.00;0.00;;11.30;0.00;SONAR;KL 7623;KL 7623;Klaipeda;;N;;N;N;N;;;FX;;GNS, LLS;36.80;0.00;Metal;;1994-12-31;MFL;1993-12-31;2010-05-31;
LTU000000329;;LTU;;;1.45;0.00;0.00;;6.50;0.00;KL 7813;KL 7813;KL 7813;Klaipeda;;N;;N;N;N;;;FX;;GNS, LLS;11.03;0.00;Wood;;2006-12-29;MFL;2006-01-01;;
LTU000000330;;LTU;;;1.02;0.00;0.00;;5.20;0.00;KL 7956;KL-7956;KL 7956;Klaipeda;;N;;N;N;N;;;FX;;GNS, LLS;22.13;0.00;Fiber/Plastic;;2007-05-21;MFL;1990-01-01;;
LTU000000331;;LTU;;;0.70;0.00;0.00;;4.69;0.00;KL 7634;KL 7634;KL 7634;Klaipeda;;N;;N;N;N;;;FX;;GNS, FIX;7.35;0.00;Metal;;1981-12-30;MFL;1981-01-01;;2025-02-11
LTU000000332;;LTU;;;0.70;0.00;0.00;;6.00;0.00;N 2073;N 2073;N 2073;Klaipeda;;N;;N;N;N;;;FX;;GNS, NK;10.90;0.00;Wood;;2002-12-31;MFL;2001-12-31;2010-09-08;
LTU000000333;;LTU;;;0.32;0.00;0.00;;4.00;0.00;PELA;N 2270;N 2270;Klaipeda;;N;;N;N;N;;;FX;;GNS, LLS;3.60;0.00;Fiber/Plastic;;1980-12-31;MFL;1980-01-01;;
LTU000000334;;LTU;;;4.25;0.00;0.00;;9.75;0.00;KL 8355;KL 8355;KL 8355;Klaipeda;;N;;N;N;N;;;FX;;GNS, LLS;47.80;0.00;Metal;;1986-12-31;MFL;1985-12-31;;2009-06-12
LTU000000335;;LTU;;;1.28;0.00;0.00;;5.00;0.00;KL 7251;KL 7251;KL 7251;Klaipeda;;N;;N;N;N;;;FX;;GNS, NK;29.44;0.00;Fiber/Plastic;;1995-12-31;MFL;1994-12-31;2017-04-03;
LTU000000336;;LTU;;;1.18;0.00;0.00;;5.32;0.00;KL 6602;KL 6602;KL 6602;Klaipeda;;N;;N;N;N;;;FX;;GNS, LLS;37.00;0.00;Fiber/Plastic;;2005-12-05;MFL;1981-12-31;2016-07-04;
LTU000000337;;LTU;;;1.09;0.00;0.00;;5.00;0.00;KL 7278;KL 7278;KL 7278;Klaipeda;;N;;N;N;N;;;FX;;GNS, LLS;31.00;0.00;Fiber/Plastic;;2008-03-20;MFL;2007-12-31;;2018-04-03
LTU000000338;;LTU;;;0.69;0.00;0.00;;4.65;0.00;KL 7785;KL 7785;KL 7785;Klaipeda;;N;;N;N;N;;;FX;;GNS, NK;18.40;0.00;Metal;;2008-10-17;MFL;1979-12-31;;2010-03-10
LTU000000339;;LTU;;;1.29;0.00;0.00;;5.86;0.00;KL 7296;KL 7296;KL 7296;Klaipeda;;N;;N;N;N;;;FX;;GNS, LLS;22.05;0.00;Metal;;1977-12-30;MFL;1976-12-31;;2021-08-10
LTU000000340;;LTU;;;2.19;0.00;0.00;;5.95;0.00;KL 9009;KL 9009;KL 9009;Klaipeda;;N;;N;N;N;;;FX;;GNS, LLS;5.10;0.00;Fiber/Plastic;;2010-03-08;MFL;1980-01-01;;
LTU000000341;;LTU;;;1.52;0.00;0.00;;5.30;0.00;LT-316;LT-316;KL LT-316;Klaipeda;;N;;N;N;N;;;FX;;LLS, GNS;22.00;0.00;Fiber/Plastic;;2010-03-15;MFL;2009-12-31;;2015-09-25
LTU000000342;;LTU;;;0.50;0.00;0.00;;3.80;0.00;KL - 4443;KL - 4443;KL - 4443;Klaipeda;;N;;N;N;N;;;FX;;GNS, LLS;14.72;0.00;Metal;;2010-01-04;MFL;1985-01-01;;
LTU000000343;;LTU;;;668.00;0.00;0.00;;38.57;0.00;PLUTONAS;836;KL 836;Klaipeda;;Y;LYTI;Y;N;N;8505422;;FX;;OTB, OTM;1626.00;283.00;Metal;;1986-06-01;MFL;1985-12-31;;
LTU000000344;;LTU;;;1.45;0.00;0.00;;6.50;0.00;KL 8358;KL 8358;KL 8358;Klaipeda;;N;;N;N;N;;;FX;;GNS, LLS;36.80;0.00;Wood;;2007-11-25;MFL;2006-12-31;;2022-03-18
LTU000000345;;LTU;;;1.34;0.00;0.00;;5.75;0.00;KL 5016;KL 5016;KL 5016;Klaipeda;;N;;N;N;N;;;FX;;GNS, LLS;36.00;0.00;Metal;;1988-12-31;MFL;1988-01-01;;
LTU000000346;;LTU;;;3.45;0.00;0.00;;7.95;7.28;LT-P-533;LT-P-533;KL-LT-P-533;Klaipeda;;N;;N;N;N;;;FX;;LLS, GNS;15.00;0.00;Fiber/Plastic;;1980-12-30;MFL;1980-01-01;;2023-06-15
LTU000000347;;LTU;;;1.00;0.00;0.00;;5.00;0.00;LT-P-535;LT-P-535;LT-P-535;Klaipeda;;N;;N;N;N;;;FX;;GNS, LLS;44.10;0.00;Fiber/Plastic;;2006-11-22;MFL;1974-12-31;;
LTU000000348;;LTU;;;0.52;0.00;0.00;;4.25;0.00;P-5325;P-5325;P-5325;Klaipeda;;N;;N;N;N;;;FX;;GNS, FPO;3.06;0.00;Metal;;1980-12-31;MFL;1980-01-01;;
LTU000000349;;LTU;;;7.20;0.00;0.00;;10.70;0.00;K-8018;K-8018;K-8018;Klaipeda;;N;;N;N;N;;;FX;;GNS, FPO;46.00;0.00;Metal;;1973-01-01;MFL;1972-12-31;;2012-07-24
LTU000000350;;LTU;;;1.13;0.00;0.00;;5.50;0.00;KL-7255;KL-7255;KL-7255;Klaipeda;;N;;Y;N;N;;;FX;;GNS, LLS;22.00;0.00;Fiber/Plastic;;1995-01-01;MFL;1994-12-31;;2020-03-04
LTU000000351;;LTU;;;1.41;0.00;0.00;;5.75;0.00;N-1799;N-1799;N-1799;Klaipeda;;N;;N;N;N;;;FX;;GNS, FPO;20.00;0.00;Metal;;1977-01-01;MFL;1977-01-01;;
LTU000000352;;LTU;;;0.42;0.00;0.00;;4.50;0.00;LT-P-643;LT-P-643;LT-P-643;Klaipeda;;N;;N;N;N;;;FX;;GNS, FPO;36.00;0.00;;;1986-01-01;MFL;1986-01-01;;
LTU000000353;;LTU;;;1.10;0.00;0.00;;5.65;0.00;LT-P-742;LT-P-742;LT-P-742;Klaipeda;;N;;N;N;N;;;FX;;GNS, LLS;70.00;0.00;Fiber/Plastic;;1998-01-01;MFL;1997-12-31;2016-09-19;
LTU000000354;;LTU;;;77.00;0.00;0.00;;27.10;24.60;MOLDOVA;LT-P-649;LT-P-649;Klaipeda;;Y;LY3044;Y;Y;N;;;FX;;GNS, LLS;165.00;32.00;Metal;;1979-01-01;MFL;1977-12-31;;
LTU000000355;;LTU;;;0.68;0.00;0.00;;5.75;0.00;KL-5607;KL-5607;KL-5607;Klaipeda;;N;;N;N;N;;;FX;;GNS, FPO;40.00;0.00;Metal;;1983-02-28;MFL;1982-12-31;;2022-02-09
LTU000000356;277506000;LTU;;;7765.00;0.00;0.00;;120.00;108.12;IEVA SIMONAITYTĖ;870;KL 870;Klaipeda;;Y;LYAD;Y;Y;Y;8607218;;TO;;OTM, NK;5296.00;1150.00;Metal;;1989-03-22;MFL;1989-01-01;;
LTU000000357;277510000;LTU;;;7765.00;0.00;0.00;;120.00;108.12;SIMONAS DAUKANTAS;872;KL 872;Klaipeda;;Y;LYAH;Y;Y;Y;8607220;;TO;;OTM, NK;5296.00;1150.00;Metal;;1989-04-28;MFL;1989-01-01;;
LTU000000358;277511000;LTU;;;863.00;0.00;0.00;;55.08;50.66;KARALIUS;873;KL 873;Klaipeda;;Y;LYAJ;Y;N;Y;7917733;;FX;;FPO, NK;1470.00;560.00;Metal;;1980-01-02;MFL;1979-12-31;;2019-06-27
LTU000000359;277512000;LTU;;;604.00;0.00;0.00;;48.12;44.18;JŪROS VILKAS;874;KL 874;Klaipeda;;Y;LYAL;Y;N;Y;7814369;;FX;;FPO, NK;1400.00;1105.00;Metal;;1979-06-01;MFL;1978-12-31;;2019-06-26
LTU000000360;;LTU;;;7765.00;0.00;0.00;;120.47;108.12;MAIRONIS;876;KL 876;Klaipeda;;Y;LYAO;N;N;N;;;FX;;OTM, NK;5296.00;1150.00;Metal;;1990-08-27;MFL;1989-12-31;;
LTU000000361;;LTU;;;1.00;0.00;0.00;;5.65;0.00;LT-P-724;LT-P-724;LT-P-724;Klaipeda;;N;;N;N;N;;;FX;;GNS, LLS;18.40;0.00;Fiber/Plastic;;2013-01-01;MFL;2011-12-31;;2018-03-27
LTU000000362;277030000;LTU;;;622.00;0.00;0.00;;50.29;47.10;ŽALGIRIS;882;KL 882;Klaipeda;;Y;LYAS;Y;N;Y;8016433;;FX;;FPO, NK;1324.00;980.00;Metal;;1981-06-29;MFL;1980-12-31;;2019-06-27
LTU000000363;;LTU;;;4407.00;0.00;0.00;;104.50;96.70;VINCAS KUDIRKA;894;KL 894;Klaipeda;;Y;LYAM;Y;N;N;9121132;;FX;;OTM, NK;5152.00;1476.00;Metal;;2014-06-13;MFL;2013-12-31;;
LTU000000364;;LTU;;;1.88;0.00;0.00;;5.98;0.00;LT-P-783;LT-P-783;LT-P-783;Klaipeda;;N;;Y;N;N;;;FX;;GNS, LLS;66.20;0.00;Fiber/Plastic;;2015-09-07;MFL;2014-01-01;;
LTU000000365;;LTU;;;1.98;0.00;0.00;;5.95;0.00;LT-P-830;LT-P-830;LT-P-830;Klaipeda;;N;;N;N;N;;;FX;;GNS, LLS;66.00;0.00;Fiber/Plastic;;2015-09-24;MFL;2015-01-01;;
LTU000000366;;LTU;;;1.10;0.00;0.00;;5.98;0.00;LT-P-784;LT-P-784;LT-P-784;Klaipeda;;N;;N;N;N;;;FX;;GN, FIX;37.00;0.00;Fiber/Plastic;;2015-09-11;MFL;2015-01-01;;
LTU000000367;;LTU;;;0.66;0.00;0.00;;5.75;0.00;LT - P - 621;LT - P - 621;LT - P - 621;Klaipeda;;N;;N;N;N;;;FX;;GNS, LLS;12.00;0.00;Metal;;1977-01-01;MFL;1977-01-01;;
LTU000000368;;LTU;;;0.75;0.00;0.00;;4.65;0.00;N - 386;N - 386;N - 386;Neringa;;N;;N;N;N;;;FX;;GNS, LLS;18.75;0.00;Metal;;1975-01-01;MFL;1975-01-01;;
LTU000000369;;LTU;;;0.40;0.00;0.00;;3.50;0.00;LT - P - 641;LT- P - 641;LT - P - 641;Klaipeda;;N;;N;N;N;;;FX;;GNS, LLS;0.00;0.00;Wood;;1988-01-01;MFL;1988-01-01;;
LTU000000370;;LTU;;;0.55;0.00;0.00;;5.20;0.00;LT  - P - 625;LT - P - 625;LT - P - 625;Klaipeda;;N;;N;N;N;;;FX;;GNS, LLS;10.00;0.00;Metal;;1986-01-01;MFL;1986-01-01;;
LTU000000371;;LTU;;;1.32;0.00;0.00;;6.44;0.00;LT - P - 588;LT - P - 588;LT - P - 588;Klaipeda;;N;;N;N;N;;;FX;;GNS, FPO;26.90;0.00;Metal;;1980-01-01;MFL;1980-01-01;;
LTU000000372;;LTU;;;2.00;0.00;0.00;;5.95;0.00;DEIMA;LT - P - 841;LT - P - 841;Klaipeda;;N;;N;N;N;;;FX;;GNS, FIX;37.08;0.00;Fiber/Plastic;;2016-07-03;MFL;2016-01-01;;
LTU000000373;;LTU;;;1.99;0.00;0.00;;5.95;0.00;LT-P-842;LT-P-842;LT-P-842;Klaipeda;;N;;N;N;N;;;FX;;GNS, FPO;45.44;0.00;Fiber/Plastic;;2016-07-26;MFL;2016-01-01;;
LTU000000374;;LTU;;;1.98;0.00;0.00;;5.95;0.00;LT-P-845;LT-P-845;LT-P-845;Klaipeda;;N;;N;N;N;;;FX;;GNS, LLS;66.20;0.00;Fiber/Plastic;;2016-09-19;MFL;2015-01-01;;
LTU000000375;;LTU;;;0.44;0.00;0.00;;4.30;0.00;LT-P-846;LT-P-846;LT-P-846;Klaipeda;;N;;N;N;N;;;FX;;GN, FIX;3.70;0.00;Fiber/Plastic;;2016-11-13;MFL;2016-01-01;;
LTU000000376;;LTU;;;2.57;0.00;0.00;;8.00;0.00;LT-P-848;LT-P-848;LT-P-848;Klaipeda;;N;;N;N;N;;;FX;;GNS, LLS;26.00;0.00;Fiber/Plastic;;2016-11-29;MFL;1985-01-01;;2023-05-08
LTU000000377;;LTU;;;1.08;0.00;0.00;;5.95;0.00;LT-Z-5;LT-Z-5;LT-Z-5;Klaipeda;;N;;N;N;N;;;FX;;GNS, LLS;25.90;0.00;Fiber/Plastic;;2016-12-19;MFL;2013-01-01;;
LTU000000378;;LTU;;;1.23;0.00;0.00;;5.98;0.00;LT-P-849;LT-P-849;LT-P-849;Klaipeda;;N;;N;N;N;;;FX;;GNS, FPO;29.30;0.00;Fiber/Plastic;;2017-01-03;MFL;2016-01-01;;
LTU000000379;;LTU;;;2.33;0.00;0.00;;5.98;0.00;LT-P-854;LT-P-854;LT-P-854;Klaipeda;;N;;N;N;N;;;FX;;GNS, FPO;44.00;0.00;Fiber/Plastic;;2017-04-03;MFL;2016-01-01;;
LTU000000380;;LTU;;;1.18;0.00;0.00;;5.95;0.00;LT-P-857;LT-P-857;LT-P-857;Klaipeda;;N;;N;N;N;;;FX;;GNS, LLS;36.66;0.00;Fiber/Plastic;;2017-05-02;MFL;2015-01-01;;
LTU000000381;;LTU;;;1.13;0.00;0.00;;5.75;0.00;LT-P-858;LT-P-858;LT-P-858;Klaipeda;;N;;N;N;N;;;FX;;GNS, LLS;49.80;0.00;Metal;;2017-05-24;MFL;1982-01-01;;
LTU000000382;;LTU;;;2.00;0.00;0.00;;5.95;0.00;LT-P-851;LT-P-851;LT-P-851;Klaipeda;;N;;N;N;N;;;FX;;GNS, FIX;77.00;0.00;Fiber/Plastic;;2016-12-27;MFL;2016-01-01;;
LTU000000383;;LTU;;;1.29;0.00;0.00;;5.98;0.00;LT-P-872;LT-P-872;LT-P-872;Klaipeda;;N;;N;N;N;;;FX;;GNS, LLS;29.44;0.00;Fiber/Plastic;;2017-10-17;MFL;2015-01-01;;
LTU000000384;;LTU;;;1.19;0.00;0.00;;5.98;0.00;LT-P-873;LT-P-873;LT-P-873;Klaipeda;;N;;N;N;N;;;FX;;GNS, FPO;23.60;0.00;Fiber/Plastic;;2017-10-24;MFL;2017-01-01;;
LTU000000385;;LTU;;;1.17;0.00;0.00;;5.98;0.00;LT-P-895;LT-P-895;LT-P-895;Klaipeda;;N;;N;N;N;;;FX;;GNS, LLS;51.50;0.00;Fiber/Plastic;;2018-03-28;MFL;2017-01-01;;
LTU000000386;;LTU;;;0.77;0.00;0.00;;4.75;0.00;FINDUS;LT-P-924;LT-P-924;Klaipeda;;N;;N;N;N;;;FX;;GNS, LLS;10.00;0.00;;;2018-12-27;MFL;1977-01-01;;
LTU000000387;;LTU;;;1.13;0.00;0.00;;5.98;0.00;LT-P-925;LT-P-925;LT-P-925;Klaipeda;;Y;LY4013;N;N;N;;;FX;;GNS, LLS;22.00;0.00;Fiber/Plastic;;2019-05-10;MFL;2017-01-01;;
LTU000000388;;LTU;;;1.29;0.00;0.00;;5.98;0.00;LT-P-946;LT-P-946;LT-P-946;Klaipeda;;N;;N;N;N;;;FX;;GNS, FPO;32.05;0.00;Fiber/Plastic;;2017-04-30;MFL;2016-01-01;;
LTU000000389;277558000;LTU;;;2772.00;0.00;0.00;;69.77;62.46;LOKYS;926;KL 926;Klaipeda;;Y;LYBJ;Y;Y;Y;9226736;;FX;;TBS, OTB;5520.00;1936.00;Metal;;2001-09-01;MFL;2000-12-31;;
LTU000000390;;LTU;;;2.00;0.00;0.00;;5.95;0.00;LT-Z-2;LT-Z-2;LT-Z-2;Klaipeda;;N;;N;N;N;;;FX;;GNS, LL;85.76;0.00;Fiber/Plastic;;2020-03-22;MFL;2015-01-01;;
LTU000000391;;LTU;;;6.21;0.00;0.00;;7.70;0.00;LT-Z-4;LT-Z-4;LT-Z-4;Klaipeda;;N;;N;N;N;;;FX;;GNS, LL;147.00;0.00;Metal;;2020-06-03;MFL;2019-01-01;;
LTU000000395;;LTU;;;1.76;0.00;0.00;;5.95;0.00;LT-11312;LT-11312;LT-11312;Klaipeda;;N;;N;N;N;;;FX;;GNS, FIX;44.40;0.00;Fiber/Plastic;;2015-05-31;MFL;2015-01-01;;
LTU000000396;;LTU;;;1.84;0.00;0.00;;5.95;0.00;LT-18655;LT-18655;LT-18655;Klaipeda;;N;;N;N;N;;;FX;;GNS, FPO;36.80;0.00;Fiber/Plastic;;2015-05-31;MFL;2015-01-01;;
LTU000000397;;LTU;;;0.77;0.00;0.00;;4.50;0.00;LT-9282;LT-9282;LT-9282;Klaipeda;;N;;N;N;N;;;FX;;GNS, FPO;22.08;0.00;Fiber/Plastic;;2013-05-31;MFL;2013-01-01;;
LTU000000399;;LTU;;;1.30;0.00;0.00;;5.75;0.00;LT-Z-13;LT-Z-13;LT-Z-13;Klaipeda;;N;;N;N;N;;;FX;;GNS, FIX;26.00;0.00;Aluminium;;1978-01-14;MFL;1977-01-01;;
LTU000000400;;LTU;;;0.60;0.00;0.00;;4.30;0.00;LT-Z-11;LT-Z-11;LT-Z-11;Klaipeda;;N;;N;N;N;;;FX;;GN, FIX;15.00;0.00;Fiber/Plastic;;2023-09-20;MFL;2023-01-01;;
LTU000000401;277589000;LTU;;;3090.00;0.00;0.00;;68.16;0.00;VILKAS;946;KL 946;Klaipeda;;Y;LYCN;Y;Y;Y;8505484;;TO;;TBS, OTB;4920.00;1140.00;Metal;;1985-10-18;MFL;1985-01-01;;
LTU888888888;;LTU;;;74.00;0.00;0.00;;25.23;22.00;930;188;KL 188;Klaipeda;;Y;LYNW;Y;N;N;;;FX;;GNS, NK;147.00;27.00;Metal;;1969-06-11;MFL;1967-12-31;2005-03-15;
LVA000000074;277524000;LTU;;;120.00;0.00;0.00;;23.06;22.00;PALANGA 1;878;KL 878;Klaipeda;;Y;LYAQ;N;Y;Y;8963820;;FX;;OTM, OTB;220.00;34.00;Metal;;1982-01-02;MFL;1982-01-01;;
LVA000000508;;LTU;;;9.30;0.00;0.00;;9.75;0.00;KATRI;KL 7159;KL 7159 KATRI;Klaipeda;;N;;N;N;N;;;FX;;GNS, LLS;66.00;0.00;Wood;;1990-12-31;MFL;1989-12-31;2009-07-28;
LVA000001057;;LTU;;;868.00;0.00;0.00;;54.97;52.02;VAO;875;KL 875;Klaipeda;;Y;LYAE;N;N;N;;;FX;;OTB, NK;1279.00;764.00;Metal;;1982-01-01;MFL;1981-12-31;;
NLD198300318;;LTU;;;3181.00;0.00;0.00;;95.18;89.89;NAERABERG;843;KL 843;Klaipeda;;Y;LYTM;Y;N;N;8209171;;FX;;OTM;3200.00;2300.00;Metal;;1983-12-01;MFL;1982-12-31;;
NLD198502210;277330000;LTU;;;9499.00;0.00;0.00;;136.12;120.00;MARGIRIS;855;KL 855;Klaipeda;;Y;LYRV;Y;Y;Y;8301187;;TO;;OTM, NK;9840.00;2000.00;Metal;;1997-07-01;MFL;1992-01-01;;
SWE000003790;;LTU;;;9.42;0.00;0.00;;9.60;0.00;TRITON;P- 458;KL P - 458;Klaipeda;;N;;N;N;N;;;FX;;LLS, GNS;35.00;0.00;Metal;;1980-12-31;MFL;1979-12-31;2010-06-21;
SWE000004098;;LTU;;;11.94;0.00;0.00;;11.64;0.00;VIOLA;LT-P-525;LT-P-525;Klaipeda;;N;;N;N;N;;;FX;;GNS, LLS;79.41;0.00;Fiber/Plastic;;1986-12-31;MFL;1986-01-01;;
SWE000004144;;LTU;;;14.27;0.00;0.00;;11.70;0.00;HAJEN;LT-P-524;LT-P-524;Klaipeda;;N;;N;N;N;;;FX;;GNS, LLS;88.00;0.00;Metal;;1981-12-30;MFL;1981-01-01;;
SWE000004261;;LTU;;;9.62;0.00;0.00;;10.40;0.00;SAFIR;P 460;KL P - 460;Klaipeda;;N;;N;N;N;;;FX;;GNS, LLS;58.00;0.00;Metal;;1982-12-31;MFL;1963-12-31;2010-03-29;
SWE000005039;;LTU;;;14.10;0.00;0.00;;11.45;0.00;HELENE;P - 457;KL P - 457;Klaipeda;;N;;N;N;N;;;FX;;LLS, GNS;95.59;0.00;Metal;;1986-12-31;MFL;1985-12-31;2010-05-14;
SWE000006109;;LTU;;;14.12;0.00;0.00;;11.93;0.00;ZANDRA;P - 443;KL P - 443;Klaipeda;;N;;N;N;N;;;FX;;GNS, LLS;132.35;0.00;Fiber/Plastic;;1990-12-31;MFL;1989-12-31;2010-05-31;
SWE000007115;277538000;LTU;;;121.00;0.00;0.00;;20.07;16.80;MIKADON;930;KL 930;Klaipeda;;Y;LYAU;Y;Y;Y;8506983;;FX;;OTB, OTM;373.00;60.00;Metal;;1988-12-30;MFL;1988-01-01;;
SWE000010422;265043000;LTU;;;1197.00;0.00;0.00;;49.90;44.50;CARMONA;947;KL 947;Klaipeda;;Y;LYCI;Y;Y;Y;9921805;;FX;;OTM;2666.00;718.00;Metal;;2022-07-31;MFL;2022-01-01;;
