Country of Registration;CFR;UVI;Event;Event Start Date;Event End Date;Registration Number;External marking;Name of vessel;Place of registration;Place of registration name;IRCS;IRCS indicator;Licence indicator;VMS indicator;ERS indicator;ERS Exempt indicator;AIS indicator;MMSI;Vessel Type;Main fishing gear;Subsidiary fishing gear 1;Subsidiary fishing gear 2;Subsidiary fishing gear 3;Subsidiary fishing gear 4;Subsidiary fishing gear 5;LOA;LBP;Tonnage GT;Other tonnage;GTs;Power of main engine;Power of auxiliary engine;Hull material;Date of entry into service;Segment;Country of importation/exportation;Type of export;Public aid;Year of construction
BEL;BEL000021964;8523448;DES;2023-02-27;2023-02-27;002;O.2;MIKE MICHEL JR;BEOST;Oostende (Ostend);OPAB;Y;Y;Y;Y;N;Y;205308000;FX;TBB;OTB;;;;;21.39;18.66;53.00;0.00;0.00;213.00;0.00;2;1975-03-26;MFL;;;;1964-01-01
BEL;BEL000041982;;RET;1996-11-15;1996-11-15;004;BOU 4;ASTRID;BOEKH;;OPAD;Y;N;N;Y;;N;;TU;TBB;NO;;;;;13.85;12.58;0.00;15.67;0.00;79.00;0.00;2;1982-09-06;E10;;;PA;1982-01-01
BEL;BEL000061930;;DES;1996-08-30;1996-08-30;006;BOU 6;ANJA;BOEKH;;OPAF;Y;N;N;Y;;N;;FX;TBB;NO;;;;;16.62;13.56;0.00;29.79;0.00;103.00;0.00;2;1930-12-31;E10;;;PA;1930-01-01
BEL;BEL000071985;8530257;EXP;2018-04-24;2018-04-24;007;BOU.7;DE ENIGE ZOON;BOEKH;;OPAG;Y;Y;Y;Y;;N;;TU;TBB;NO;;;;;19.10;16.67;57.00;0.00;0.00;219.00;0.00;2;1986-06-06;MFL;NLD;EX;PA;1985-01-01
BEL;BEL000081967;8341096;MOD;2025-01-01;2100-12-31;008;Z.8;AQUARIUS;BEZEE;Zeebrugge;OPAH;Y;Y;Y;Y;N;Y;205264000;FX;TBB;OTB;;;;;21.91;19.31;58.00;0.00;0.00;220.00;0.00;2;1967-07-01;MFL;;;;1967-01-01
BEL;BEL000091953;;DES;1995-01-30;1995-01-30;009;O.9;STERN;OOSTE;;OPAI;Y;N;N;Y;;N;;FX;TBB;NO;;;;;26.32;23.12;97.00;0.00;0.00;221.00;0.00;2;1983-02-22;E10;;;AC;1953-01-01
BEL;BEL000131928;;RET;1989-01-30;1989-01-30;013;K.13;VIJF GEBROEDERS;KIELD;;OPAM;Y;N;N;Y;;N;;FX;TBB;NO;;;;;16.26;13.57;0.00;19.05;0.00;154.00;0.00;2;1928-07-01;BIN;;;PA;1928-01-01
BEL;BEL000131989;8564404;DES;2021-08-22;2021-08-22;013;O.13;MORGENSTER;BEOST;Oostende (Ostend);OPAM;Y;Y;Y;Y;;Y;205017000;FX;TBB;OTB;;;;;23.94;21.14;94.00;0.00;0.00;218.00;0.00;2;1989-02-15;MFL;;;;1989-01-01
BEL;BEL000241964;8564480;RET;2021-09-07;2021-09-07;024;BOU.24;ZEEVONK;BEBHE;Boekhoute;OPAX;Y;Y;Y;Y;;Y;205632000;FX;TBB;OTB;;;;;19.04;16.64;44.00;0.00;0.00;202.00;0.00;2;1964-07-01;MFL;;;;1964-01-01
BEL;BEL000281932;;RET;1996-01-17;1996-01-17;028;Z.28;ANN;ZEEBR;;OPBB;Y;Y;N;Y;;N;;FX;TBB;NO;;;;;16.19;13.39;0.00;28.67;0.00;88.00;0.00;2;1932-09-26;E10;;;PA;1932-01-01
BEL;BEL001191970;8432601;EXP;1992-06-30;1992-06-30;119;BOU.119;JOZINA;BOEKH;;OPEO;Y;N;N;Y;;N;;MO;TBB;NO;;;;;19.54;16.92;55.00;0.00;0.00;221.00;0.00;2;1970-07-01;C10;NLD;;PA;1970-01-01
BEL;BEL001391987;;EXP;1994-06-01;1994-06-01;139;BOU.139;BOLLEKE;BOEKH;;OPFI;Y;N;N;Y;;N;;FX;TBB;NO;;;;;11.13;9.80;13.00;0.00;0.00;114.00;0.00;2;1987-07-01;C10;NLD;;PA;1987-01-01
BEL;BEL002011991;;EXP;1994-08-17;1994-08-17;201;Z.201;ADRIANA-MARIA;ZEEBR;;OPHS;Y;Y;N;Y;;N;;FX;TBB;NO;;;;;23.90;20.86;156.00;0.00;0.00;220.00;0.00;2;1991-04-19;C10;NLD;EX;PA;1991-01-01
BEL;BEL003191989;8816120;EXP;2004-07-22;2004-07-22;319;Z.319;AVONTUUR;ZEEBR;;OPMG;Y;Y;Y;Y;;N;;TU;TBB;NO;;;;;40.25;35.86;469.00;0.00;0.00;882.00;0.00;2;1989-12-12;MFL;GBR;EX;PA;1989-01-01
BEL;BEL010201971;;EXP;1999-03-25;1999-03-25;020;O.20;GOEWIND;OOSTE;;OPAT;Y;Y;N;Y;;N;;FX;TBB;NO;;;;;14.31;12.28;29.00;25.80;0.00;110.00;0.00;2;1971-08-17;4A1;NLD;EX;PA;1971-01-01
BEL;BEL010231930;;DES;2003-03-13;2003-03-13;720;O.720;GEOFFREY WILLIAM;OOSTE;;OQCT;Y;N;Y;Y;;N;;FX;TBB;OTB;;;;;20.14;17.37;41.00;0.00;0.00;219.00;0.00;2;1971-09-02;MFL;;;PA;1930-01-01
BEL;BEL010291967;8745424;MOD;2021-02-03;2100-12-31;029;O.29;BROODWINNER;BEOST;Oostende (Ostend);OPBC;Y;Y;Y;Y;;Y;205150000;FX;TBB;OTB;;;;;27.20;23.58;109.00;0.00;0.00;221.00;0.00;2;1967-10-10;MFL;;;;1967-01-01
BEL;BEL010321935;;EXP;1991-04-09;1991-04-09;032;O.32;JESSICA;OOSTE;;OPBF;Y;N;N;Y;;N;;FX;TBB;NO;;;;;13.50;12.39;0.00;18.44;0.00;99.00;0.00;1;1935-05-08;ZEE;NLD;EX;PA;1935-01-01
BEL;BEL010322007;;EXP;2015-07-14;2015-07-14;032;N.32;JOLLY JUMPER;NIEUW;;OPBF;Y;Y;Y;Y;;N;;MO;OTB;NO;;;;;11.78;11.77;21.00;0.00;0.00;221.00;0.00;3;2007-08-20;MFL;IRL;EX;PA;2007-01-01
BEL;BEL010331976;7936791;MOD;2021-01-12;2100-12-31;033;O.33;MARBI;BEOST;Oostende (Ostend);OPBG;Y;Y;Y;Y;;Y;205275000;FX;TBB;OTB;;;;;34.80;31.03;254.00;0.00;0.00;1200.00;0.00;2;1976-04-09;MFL;;;;1976-01-01
BEL;BEL010351961;;EXP;1996-12-31;1996-12-31;035;Z.35;VILI;ZEEBR;;OPBI;Y;Y;N;Y;;N;;FX;TBB;NO;;;;;27.20;23.30;99.00;0.00;0.00;382.00;0.00;2;1962-04-18;E10;NLD;EX;PA;1961-01-01
BEL;BEL010511983;8308642;MOD;2021-10-11;2100-12-31;051;O.51;STORMVOGEL;BEOST;Oostende (Ostend);OPBY;Y;Y;Y;Y;;Y;205277000;FX;TBB;OTB;;;;;33.00;27.16;254.00;0.00;0.00;1119.00;0.00;2;1983-03-31;MFL;;;;1983-01-01
BEL;BEL010621963;8559722;MOD;2025-01-06;2100-12-31;062;O.62;DINI;BEOST;Oostende (Ostend);OPCJ;Y;Y;Y;Y;N;Y;205315000;FX;TBB;OTB;;;;;21.97;19.32;44.00;0.00;0.00;221.00;0.00;2;1963-07-01;MFL;;;;1963-01-01
BEL;BEL010641987;;EXP;2010-02-09;2010-02-09;064;N.64;BLACK JACK;NIEUW;;OPCL;Y;Y;Y;Y;;N;;FX;GNS;TBB;;;;;14.00;12.37;24.00;0.00;0.00;145.00;0.00;2;1987-04-16;MFL;NLD;EX;PA;1987-01-01
BEL;BEL010821987;8431803;EXP;1994-03-23;1994-03-23;082;O.82;ST ANTOINE;OOSTE;;OPDD;Y;Y;N;Y;;N;;DB;GNS;TBB;;;;;14.50;12.89;31.00;0.00;0.00;138.00;0.00;2;1987-03-17;C10;NLD;EX;PA;1987-01-01
BEL;BEL010871987;;EXP;2013-02-21;2013-02-21;087;Z.87;BELGIAN LADY;ZEEBR;;OPDI;Y;Y;Y;Y;;N;;TO;TBB;OTB;;;;;20.04;16.99;68.00;0.00;0.00;221.00;0.00;2;1987-12-15;MFL;IRL;EX;PA;1987-01-01
BEL;BEL011001964;;DES;2007-03-21;2007-03-21;100;O.100;EMILIE;OOSTE;;OPDV;Y;Y;Y;Y;;N;;FX;TBB;OTB;;;;;16.80;15.02;32.00;0.00;0.00;176.00;0.00;2;1964-11-13;MFL;;;PA;1964-01-01
BEL;BEL011011967;;RET;2020-06-11;2020-06-11;101;O.101;FISTON;OOSTE;;OPDW;Y;Y;Y;Y;;N;;FX;TBB;OTB;;;;;16.80;15.02;33.00;0.00;0.00;221.00;0.00;2;1967-11-24;MFL;;;;1967-01-01
BEL;BEL011081968;;DES;1992-06-29;1992-06-29;108;O.108;ARENT;OOSTE;;OPED;Y;N;N;Y;;N;;FX;TBB;NO;;;;;30.28;26.86;152.00;0.00;0.00;485.00;0.00;2;1968-07-01;E10;;;AC;1968-01-01
BEL;BEL011101959;;EXP;1999-09-09;1999-09-09;110;O.110;JEANINNE-MARGARET;OOSTE;;OPEF;Y;N;Y;Y;;N;;TU;TBB;NO;;;;;18.01;16.50;33.00;0.00;0.00;193.00;0.00;2;1974-07-01;4A1;NLD;EX;PA;1959-01-01
BEL;BEL011141964;;DES;1995-01-16;1995-01-16;114;Z.114;ZEEENGEL;ZEEBR;;OPEJ;Y;N;N;Y;;N;;FX;TBB;NO;;;;;28.00;25.91;0.00;99.00;0.00;221.00;0.00;2;1964-07-31;E10;;;AC;1964-01-01
BEL;BEL011161961;;RET;2020-06-11;2020-06-11;116;N.116;NOSTALGIE;NIEUW;;OPEL;Y;Y;Y;Y;;N;;FX;TBB;GNS;;;;;17.00;14.89;33.00;0.00;0.00;142.00;0.00;1;1961-05-09;MFL;;;;1961-01-01
BEL;BEL011241985;;DES;2010-01-06;2010-01-06;124;O.124;FIGHTER;OOSTE;;OPET;Y;Y;Y;Y;;N;;FX;TBB;OTB;;;;;32.23;28.89;259.00;0.00;0.00;957.00;0.00;2;1985-11-06;MFL;;;AC;1985-01-01
BEL;BEL011271968;;DES;1995-01-24;1995-01-24;127;Z.127;BRANDARIS;ZEEBR;;OPEW;Y;N;N;Y;;N;;FX;TBB;PTB;;;;;28.75;25.91;120.00;0.00;0.00;353.00;0.00;2;1968-02-22;E10;;;AC;1968-01-01
BEL;BEL011291961;;DES;1995-04-06;1995-04-06;129;O.129;AMANDINE;OOSTE;;OPEY;Y;N;N;Y;;N;;FX;OTB;NO;;;;;36.00;33.50;188.00;0.00;0.00;375.00;0.00;2;1962-03-08;E13;;;AC;1961-01-01
BEL;BEL011351970;;DES;1992-12-24;1992-12-24;135;O.135;MARIA DUYNE;OOSTE;;OPFE;Y;N;N;Y;;N;;FX;OTB;NO;;;;;28.00;24.90;0.00;100.42;0.00;221.00;0.00;2;1970-04-24;E13;;;AC;1970-01-01
BEL;BEL011371983;;RET;2007-10-28;2007-10-28;137;Z.137;TWILIGHT;ZEEBR;;OPFG;Y;Y;Y;Y;;N;;FX;TBB;NO;;;;;32.50;29.22;247.00;0.00;0.00;883.00;0.00;2;1984-09-10;MFL;;;PA;1983-01-01
BEL;BEL011421957;;DES;1992-12-15;1992-12-15;142;O.142;HERMES;OOSTE;;OPFL;Y;N;N;Y;;N;;FX;TBB;PTB;;;;;20.00;16.30;0.00;47.13;0.00;191.00;0.00;1;1957-05-09;C10;;;AC;1957-01-01
BEL;BEL011481957;;RET;2007-10-28;2007-10-28;148;O.148;SNIPE;OOSTE;;OPFR;Y;Y;Y;Y;;N;;FX;TBB;OTB;;;;;20.60;17.85;50.00;0.00;0.00;221.00;0.00;1;1958-11-22;MFL;;;PA;1957-01-01
BEL;BEL011541988;8835906;MOD;2023-09-12;2100-12-31;154;O.154;WILMAR;BEOST;Oostende (Ostend);OPFX;Y;Y;Y;Y;N;Y;205165000;FX;OTB;NO;;;;;25.94;22.92;207.00;0.00;0.00;1200.00;0.00;2;1988-07-26;MFL;;;;1988-01-01
BEL;BEL011562004;8993459;EXP;2015-10-22;2015-10-22;156;O.156;MARRETJE-AALTJE;OOSTE;;OPFZ;Y;Y;Y;Y;;N;;FX;OTB;TBB;;;;;19.98;17.54;199.00;0.00;0.00;887.00;0.00;3;2004-03-21;MFL;CAN;EX;PA;2004-01-01
BEL;BEL011721955;;DES;1993-12-27;1993-12-27;172;O.172;JEAN-GLENN;OOSTE;;OPGP;Y;N;N;Y;;N;;FX;OTB;NO;;;;;21.10;18.20;0.00;59.24;0.00;147.00;0.00;2;1955-07-01;E13;;;AC;1955-01-01
BEL;BEL011871989;8835891;MOD;2021-08-26;2100-12-31;187;Z.187;GRIETJE;BEZEE;Zeebrugge;OPHE;Y;Y;Y;Y;N;Y;205258000;FX;TBB;OTB;;;;;23.99;21.52;109.00;0.00;0.00;221.00;0.00;2;1989-07-10;MFL;;;;1989-01-01
BEL;BEL011901963;8564454;MOD;2022-04-27;2100-12-31;191;O.191;ROMY;BEOST;Oostende (Ostend);OPHI;Y;Y;Y;Y;;Y;205273000;FX;TBB;GTR;;;;;23.90;20.98;62.00;0.00;0.00;221.00;0.00;2;1973-11-06;MFL;;;;1963-01-01
BEL;BEL011911968;8564387;MOD;2021-02-03;2100-12-31;152;O.152;ARAN;BEOST;Oostende (Ostend);OPFV;Y;Y;Y;Y;;Y;205323000;FX;TBB;OTB;;;;;17.00;14.88;42.00;0.00;0.00;221.00;0.00;2;1968-11-19;MFL;;;;1968-01-01
BEL;BEL011921957;;DES;1995-01-26;1995-01-26;192;O.192;LYDIE-MADELEINE;OOSTE;;OPHJ;Y;N;N;Y;;N;;FX;TBB;PTB;;;;;22.15;17.50;0.00;49.31;0.00;221.00;0.00;1;1958-03-04;E10;;;AC;1957-01-01
BEL;BEL012061969;;EXP;1999-12-08;1999-12-08;206;O.206;KRISJEAN-HENSON;OOSTE;;OPHX;Y;N;Y;Y;;N;;FX;OTB;NO;;;;;28.00;24.39;111.00;0.00;0.00;219.00;0.00;2;1969-05-08;4A2;ESP;EX;PA;1969-01-01
BEL;BEL012111971;;EXP;1998-05-13;1998-05-13;211;O.211;CHRISTOPH;OOSTE;;OPIC;Y;N;N;Y;;N;;MTG;TBB;NO;;;;;14.60;12.70;23.00;0.00;0.00;158.00;0.00;2;1971-07-09;4A1;NLD;;PA;1971-01-01
BEL;BEL012161961;;DES;1993-12-30;1993-12-30;216;O.216;HENRI-JEANINE;OOSTE;;OPIH;Y;N;N;Y;;N;;FX;OTB;NO;;;;;41.43;37.90;0.00;280.88;0.00;551.00;0.00;2;1961-06-05;G14;;;AC;1961-01-01
BEL;BEL012251957;;DES;2006-09-25;2006-09-25;225;O.225;NORMAN KIM;OOSTE;;OPIQ;Y;Y;Y;Y;;N;;FX;TBB;OTB;;;;;20.60;18.34;55.00;0.00;0.00;184.00;0.00;1;1958-02-14;MFL;;;AC;1957-01-01
BEL;BEL012291963;;EXP;1991-04-26;1991-04-26;229;O.229;ROGER-JEANINE;OOSTE;;OPIU;Y;Y;N;Y;;N;;FX;OTB;TBB;;;;;27.00;25.25;0.00;98.05;0.00;265.00;0.00;2;1963-02-11;ZEE;NLD;EX;PA;1963-01-01
BEL;BEL012291991;8871730;MOD;2025-06-26;2100-12-31;88;N.88;DRE;BENIE;Nieuwpoort;OPHF;Y;Y;Y;Y;N;Y;205740000;FX;TBB;OTB;;;;;23.93;21.00;126.00;0.00;0.00;221.00;0.00;2;1991-06-05;MFL;;;;1991-01-01
BEL;BEL012311981;;RET;2001-01-07;2001-01-07;231;O.231;ST. CAROLUS;OOSTE;;OPIW;Y;Y;Y;Y;;N;;FX;TBB;NO;;;;;34.60;31.04;281.00;0.00;0.00;721.00;0.00;2;1981-02-03;4A1;;;PA;1981-01-01
BEL;BEL012312001;9222089;MOD;2021-01-11;2100-12-31;231;O.231;DEN HOOPE;BEOST;Oostende (Ostend);OPIW;Y;Y;Y;Y;;Y;205237000;FX;TBB;NO;;;;;37.83;33.01;389.00;0.00;0.00;1200.00;0.00;2;2001-01-08;MFL;;;;2001-01-01
BEL;BEL012321966;;DES;1995-01-25;1995-01-25;232;Z.232;STORMBOY;ZEEBR;;OPIX;Y;N;N;Y;;N;;FX;OTB;PTB;;;;;28.00;25.25;104.00;0.00;0.00;221.00;0.00;2;1966-11-09;E13;;;AC;1966-01-01
BEL;BEL012741967;;RET;2003-10-23;2003-10-23;274;O.274;LUCALI;OOSTE;;OPKN;Y;N;Y;Y;;N;;FX;OTB;TBB;;;;;28.00;24.31;110.00;0.00;0.00;221.00;0.00;2;1967-07-11;MFL;;;PA;1967-01-01
BEL;BEL012751964;;DES;1992-12-15;1992-12-15;275;O.275;DEO VOLENTE;OOSTE;;OPKO;Y;N;N;Y;;N;;FX;OTB;NO;;;;;27.00;14.49;0.00;100.96;0.00;243.00;0.00;2;1964-07-13;E13;;;AC;1964-01-01
BEL;BEL012791969;8740826;RET;2023-12-19;2023-12-19;279;Z.279;RAMBLERS;BEZEE;Zeebrugge;OPKS;Y;Y;Y;Y;N;Y;205325000;FX;TBB;OTB;;;;;33.18;29.00;143.00;0.00;0.00;221.00;0.00;2;1969-05-20;MFL;;;;1969-01-01
BEL;BEL013031969;;DES;1990-11-14;1990-11-14;303;O.303;GIRL LINDA;OOSTE;;OPLQ;Y;N;N;Y;;N;;FX;TBB;NO;;;;;27.20;14.49;0.00;89.83;0.00;313.00;0.00;2;1970-01-06;ZEE;;;PA;1969-01-01
BEL;BEL013061968;;EXP;2003-07-29;2003-07-29;306;O.306;CLEANER;OOSTE;;OPLT;Y;N;Y;Y;;N;;FX;OTB;NO;;;;;27.34;23.58;101.00;0.00;0.00;221.00;0.00;2;1968-02-22;MFL;ZAF;EX;PA;1968-01-01
BEL;BEL013091965;;DES;1993-01-08;1993-01-08;309;O.309;J VAN MAERLANT;OOSTE;;OPLW;Y;N;N;Y;;N;;FX;OTB;NO;;;;;27.20;14.49;0.00;98.39;0.00;221.00;0.00;2;1965-07-01;E13;;;AC;1965-01-01
BEL;BEL013161987;8615514;MOD;2021-01-12;2100-12-31;316;O.316;AEGIR;BEOST;Oostende (Ostend);OPMD;Y;Y;Y;Y;;Y;205241000;FX;OTB;NO;;;;;32.32;29.20;336.00;0.00;0.00;705.00;0.00;2;1987-03-25;MFL;;;;1987-01-01
BEL;BEL013181946;;DES;1992-06-22;1992-06-22;318;O.318;BELGIAN SAILOR;OOSTE;;OPMF;Y;N;N;Y;;N;;FX;OTB;NO;;;;;40.00;36.25;0.00;183.47;0.00;441.00;0.00;2;1947-03-12;G14;;;AC;1946-01-01
BEL;BEL013331985;;DES;2012-02-09;2012-02-09;333;O.333;MARCO;OOSTE;;OPMU;Y;Y;Y;Y;;N;;FX;TBB;NO;;;;;36.01;32.11;329.00;0.00;0.00;1198.00;0.00;2;1985-05-03;MFL;;;PA;1985-01-01
BEL;BEL013491989;;EXP;1997-12-01;1997-12-01;349;O.349;WILMA;OOSTE;;OPNK;Y;N;Y;Y;;N;;FX;OTB;TBB;;;;;16.55;14.49;68.00;0.00;0.00;221.00;0.00;2;1989-01-13;4A2;GBR;EX;PA;1989-01-01
BEL;BEL013691963;;DES;1998-02-21;1998-02-21;369;O.369;KONINGIN DER ENGELEN;OOSTE;;OPOE;Y;Y;Y;Y;;N;;FX;OTB;NO;;;;;27.00;23.95;98.00;0.00;0.00;221.00;0.00;2;1963-03-04;4A2;;;PA;1963-01-01
BEL;BEL013691998;;RET;2012-07-26;2012-07-26;369;O.369;ATTILA;OOSTE;;OPOE;Y;Y;N;Y;;N;;FX;GNS;NO;;;;;12.66;12.65;12.00;0.00;0.00;382.00;0.00;3;1999-01-11;MFL;;;PA;1998-01-01
BEL;BEL014271964;;EXP;1998-09-24;1998-09-24;427;O.427;MARJON;OOSTE;;OPRA;Y;N;Y;Y;;N;;FX;TBB;OTB;;;;;22.35;19.95;68.00;0.00;0.00;220.00;0.00;2;1964-08-20;4A1;NLD;;PA;1964-01-01
BEL;BEL014311963;;EXP;1996-12-31;1996-12-31;431;O.431;JUDITH;OOSTE;;OPRE;Y;N;N;Y;;N;;FX;TBB;NO;;;;;28.00;25.25;112.00;0.00;0.00;375.00;0.00;2;1963-07-18;E10;NLD;EX;PA;1963-01-01
BEL;BEL014551964;;EXP;2000-07-18;2000-07-18;455;Z.455;DIKKOP;ZEEBR;;OPSC;Y;N;Y;Y;;N;;FX;TBB;OTB;;;;;18.66;15.76;34.00;0.00;0.00;184.00;0.00;2;1964-11-05;4A1;NLD;EX;PA;1964-01-01
BEL;BEL014681956;;DES;1993-12-31;1993-12-31;468;O.468;ARAN;OOSTE;;OPSP;Y;N;N;Y;;N;;FX;TBB;PTB;;;;;18.70;15.95;0.00;39.97;0.00;132.00;0.00;1;1957-03-13;C10;;;AC;1956-01-01
BEL;BEL014811960;;DES;1995-01-23;1995-01-23;481;O.481;BI-SI-TI;OOSTE;;OPTC;Y;N;N;Y;;N;;FX;TBB;NO;;;;;17.00;13.75;0.00;28.23;0.00;165.00;0.00;1;1960-07-13;E10;;;AC;1960-01-01
BEL;BEL014941967;;RET;1999-12-01;1999-12-01;494;Z.494;LUCKY STAR;ZEEBR;;OPTP;Y;N;Y;Y;;N;;FX;TBB;PTB;;;;;17.00;14.88;40.00;0.00;0.00;176.00;0.00;2;1967-08-18;4A1;;;PA;1967-01-01
BEL;BEL014991968;;DES;1993-12-28;1993-12-28;499;O.499;COUDEKERCKE;OOSTE;;OPTU;Y;N;N;Y;;N;;FX;TBB;NO;;;;;27.70;24.55;0.00;120.65;0.00;368.00;0.00;2;1968-05-07;E10;;;AC;1968-01-01
BEL;BEL015001963;;DES;1992-06-04;1992-06-04;500;O.500;VIKING;OOSTE;;OPTV;Y;N;N;Y;;N;;FX;TBB;NO;;;;;22.60;19.67;0.00;69.85;0.00;215.00;0.00;2;1964-01-29;C10;;;AC;1963-01-01
BEL;BEL015181969;;RET;1998-06-25;1998-06-25;518;O.518;LA FAROUCHE;OOSTE;;OPUN;Y;N;Y;Y;;N;;MO;TBB;NO;;;;;28.12;24.80;136.00;0.00;0.00;390.00;0.00;2;1969-05-05;4A1;;;PA;1969-01-01
BEL;BEL015201964;;DES;1992-12-30;1992-12-30;520;O.520;MANUELA;OOSTE;;OPUP;Y;N;N;Y;;N;;FX;TBB;OTB;;;;;17.00;14.55;0.00;29.98;0.00;129.00;0.00;2;1964-09-04;C10;;;AC;1964-01-01
BEL;BEL015331965;;DES;2004-12-10;2004-12-10;533;O.533;VIRTUS;OOSTE;;OPVC;Y;Y;Y;Y;;N;;FX;TBB;OTB;;;;;21.00;18.04;58.00;0.00;0.00;147.00;0.00;2;1965-08-14;MFL;;;AC;1965-01-01
BEL;BEL015521954;;DES;1992-06-19;1992-06-19;552;O.552;MARATHON;OOSTE;;OPVV;Y;N;N;Y;;N;;FX;TBB;NO;;;;;17.53;15.53;0.00;39.68;0.00;99.00;0.00;2;1954-10-26;C10;;;AC;1954-01-01
BEL;BEL015542000;8740814;RET;2017-11-28;2017-11-28;554;O.554;GODELIEVE;OOSTE;;OPVX;Y;Y;Y;Y;;N;;FX;GNS;GTR;;;;;21.53;19.14;133.00;0.00;0.00;1026.00;0.00;3;2001-02-07;MFL;;;PA;2000-01-01
BEL;BEL017051971;;EXP;1999-10-11;1999-10-11;705;O.705;MORNING STAR;OOSTE;;OQCE;Y;N;Y;Y;;N;;FX;OTB;TBB;;;;;27.20;24.30;101.00;0.00;0.00;221.00;0.00;2;1971-06-30;4A2;NLD;EX;PA;1971-01-01
BEL;BEL020651986;8340652;MOD;2025-01-06;2100-12-31;065;O.62;DINI;BEOST;Oostende (Ostend);OPCM;Y;Y;Y;Y;N;Y;205265000;FX;TBB;OTB;;;;;23.82;21.31;69.00;0.00;0.00;221.00;0.00;2;1986-09-01;MFL;;;;1986-01-01
BEL;BEL021811965;;DES;1993-12-30;1993-12-30;181;Z.181;ZEEMEEUW;ZEEBR;;OPGY;Y;N;N;Y;;N;;FX;OTB;NO;;;;;29.73;26.16;129.00;0.00;0.00;316.00;0.00;2;1965-12-21;E13;;;AC;1965-01-01
BEL;BEL024622000;8740802;EXP;2018-11-28;2018-11-28;462;B.462;FLOWING STREAM;BLANK;;OPSJ;Y;Y;Y;Y;;N;;DB;DRB;NO;;;;;37.81;32.98;385.00;0.00;0.00;1181.00;0.00;2;2000-05-30;MFL;GBR;EX;PA;2000-01-01
BEL;BEL025181998;8740797;EXP;2018-02-26;2018-02-26;518;B.518;DRAKKAR;BLANK;;OPUN;Y;Y;Y;Y;;N;;MO;TBB;NO;;;;;37.81;32.98;384.00;0.00;0.00;1200.00;0.00;2;1998-06-26;MFL;NLD;EX;PA;1998-01-01
BEL;BEL026011962;;RET;1991-08-06;1991-08-06;601;B.601;VAN MAERLANT;BLANK;;OPYA;Y;Y;N;Y;;N;;FX;TBB;PTB;;;;;17.00;14.35;0.00;28.93;0.00;99.00;0.00;1;1962-07-16;ZEE;;;PA;1962-01-01
BEL;BEL026011991;8341917;MOD;2021-01-13;2100-12-31;601;B.601;VAN MAERLANT;BEBBG;Blankenberge;OPYA;Y;Y;Y;Y;;Y;205261000;FX;TBB;NO;;;;;22.94;20.18;84.00;0.00;0.00;221.00;0.00;2;1991-08-07;MFL;;;;1991-01-01
BEL;BEL030051957;;EXP;1991-08-30;1991-08-30;005;Z.5;DRAKKAR;ZEEBR;;OPAE;Y;N;N;Y;;N;;FX;TBB;NO;;;;;39.00;34.25;0.00;210.87;0.00;662.00;0.00;2;1957-07-01;ZEE;IRL;EX;PA;1957-01-01
BEL;BEL030072023;9982407;MOD;2023-12-08;2100-12-31;007;Z.53;VAN EYCK;BEZEE;Zeebrugge;OPAG;Y;Y;Y;Y;N;Y;205166000;FX;TBB;OTB;;;;;37.95;35.34;385.00;0.00;0.00;1200.00;0.00;2;2023-10-20;MFL;;;;2023-01-01
BEL;BEL030121966;;DES;1997-09-11;1997-09-11;012;N.12;ARTHUR;NIEUW;;OPAL;Y;N;Y;Y;;N;;FX;TBB;NO;;;;;20.80;17.65;50.00;0.00;0.00;210.00;0.00;2;1966-07-01;4A1;;;PA;1966-01-01
BEL;BEL030141973;7936765;DES;2013-12-09;2013-12-09;014;O.14;DE ZEEMEEUW;OOSTE;;OPAN;Y;Y;Y;Y;;N;;FX;TBB;NO;;;;;29.00;25.94;210.00;0.00;0.00;662.00;0.00;2;1974-01-08;MFL;;;PA;1973-01-01
BEL;BEL030151975;7936777;DES;2023-03-30;2023-03-30;084;Z.84;CALYPSO;BEZEE;Zeebrugge;OPAO;Y;Y;Y;Y;N;Y;205289000;FX;TBB;OTB;;;;;34.80;31.03;236.00;0.00;0.00;1200.00;0.00;2;1975-04-22;MFL;;;;1975-01-01
BEL;BEL030161973;;DES;2009-07-31;2009-07-31;016;Z.16;KON-TIKI II;ZEEBR;;OPAP;Y;Y;Y;Y;;N;;FX;TBB;NO;;;;;31.50;27.42;198.00;0.00;0.00;936.00;0.00;2;1974-03-07;MFL;;;AC;1973-01-01
BEL;BEL030182000;9222065;MOD;2024-04-18;2100-12-31;018;Z.18;SOETKIN;BEZEE;Zeebrugge;OPAR;Y;Y;Y;Y;N;Y;205306000;FX;TBB;OTB;;;;;37.79;33.01;386.00;0.00;0.00;1200.00;0.00;2;2000-09-13;MFL;;;;2000-01-01
BEL;BEL030191974;7524627;DES;2021-04-06;2021-04-06;019;Z.19;SONJA;BEZEE;Zeebrugge;OPAS;Y;Y;Y;Y;;Y;205239000;FX;TBB;OTB;;;;;30.70;26.76;159.00;0.00;0.00;902.00;0.00;2;1974-01-31;MFL;;;;1974-01-01
BEL;BEL030192021;9898668;MOD;2023-12-08;2100-12-31;019;Z.19;BRIGITTE;BEZEE;Zeebrugge;OPAS;Y;Y;Y;Y;N;Y;205096000;FX;TBB;OTB;;;;;34.50;31.82;322.00;0.00;0.00;958.00;0.00;2;2021-07-02;MFL;;;;2021-01-01
BEL;BEL030242021;9938858;MOD;2023-11-07;2100-12-31;24;Z.24;ELIA;BEZEE;Zeebrugge;OPAX;Y;N;Y;Y;N;Y;205632000;FX;TBB;DRB;;;;;21.15;18.61;80.00;0.00;0.00;202.00;0.00;2;2021-06-09;MFL;;;;2021-01-01
BEL;BEL030261963;;DES;1993-12-31;1993-12-31;026;Z.26;DE PAREL;ZEEBR;;OPAZ;Y;N;N;Y;;N;;FX;OTB;NO;;;;;27.75;25.23;0.00;117.00;0.00;331.00;0.00;2;1964-02-06;E13;;;AC;1963-01-01
BEL;BEL030262022;9913315;CST;2021-12-17;2100-12-31;026;Z.26;AVANTI;BEZEE;Zeebrugge;OPAZ;Y;Y;Y;Y;N;Y;205133000;FX;TBB;NO;;;;;37.90;33.63;384.00;0.00;0.00;1200.00;0.00;2;2021-12-17;MFL;;;;2021-01-01
BEL;BEL030271974;;DES;2001-11-23;2001-11-23;027;Z.27;FREE BIRD;ZEEBR;;OPBA;Y;N;Y;Y;;N;;FX;TBB;NO;;;;;37.02;32.74;254.00;0.00;0.00;684.00;0.00;2;1974-12-06;4A1;;;PA;1974-01-01
BEL;BEL030301972;;RET;1996-11-18;1996-11-18;030;Z.30;EOS;ZEEBR;;OPBD;Y;N;N;Y;;N;;FX;TBB;NO;;;;;30.70;26.90;140.00;0.00;0.00;441.00;0.00;2;1973-01-09;E10;;;PA;1972-01-01
BEL;BEL030341988;8586359;RET;2023-12-07;2023-12-07;034;O.34;LADY FORTUNA;BEOST;Oostende (Ostend);OPBH;Y;Y;Y;Y;N;Y;205327000;FX;TBB;OTB;;;;;20.04;16.99;68.00;0.00;0.00;218.00;0.00;2;1988-11-28;MFL;IRL;EX;PA;1988-01-01
BEL;BEL030351997;9097068;MOD;2023-03-28;2100-12-31;035;Z.35;ORA ET LABORA;BEZEE;Zeebrugge;OPBI;Y;Y;Y;Y;N;Y;205240000;FX;TBB;OTB;;;;;38.22;32.98;384.00;0.00;0.00;1200.00;0.00;2;1997-09-08;MFL;;;;1997-01-01
BEL;BEL030371986;;EXP;1994-12-22;1994-12-22;037;Z.37;ORCA;ZEEBR;;OPBK;Y;N;N;Y;;N;;FX;TBB;NO;;;;;24.55;21.31;69.00;0.00;0.00;220.00;0.00;2;1986-08-19;C10;IRL;EX;PA;1986-01-01
BEL;BEL030381986;8412326;EXP;1994-12-22;1994-12-22;038;Z.38;MANTA;ZEEBR;;OPBL;Y;N;N;Y;;N;;TU;TBB;NO;;;;;24.55;21.31;69.00;0.00;0.00;220.00;0.00;2;1986-08-19;C10;GBR;EX;PA;1986-01-01
BEL;BEL030391982;8333568;MOD;2024-04-17;2100-12-31;038;Z.38;ZUIDERZEE;BEZEE;Zeebrugge;OPBM;Y;Y;Y;Y;N;Y;205149000;FX;TBB;NO;;;;;32.50;29.22;251.00;0.00;0.00;1062.00;0.00;2;1982-04-05;MFL;;;;1982-01-01
BEL;BEL030392021;9899624;MOD;2023-12-08;2100-12-31;39;Z.39;SOPHIE;BEZEE;Zeebrugge;OPEV;Y;Y;Y;Y;N;Y;205248000;FX;TBB;NO;;;;;37.95;35.34;385.00;0.00;0.00;1200.00;0.00;2;2021-11-07;MFL;;;;2021-01-01
BEL;BEL030411973;;RET;2005-10-19;2005-10-19;041;Z.41;TORNADO;ZEEBR;;OPBO;Y;Y;Y;Y;;N;;FX;OTB;NO;;;;;25.75;23.35;102.00;0.00;0.00;221.00;0.00;2;1974-01-08;MFL;;;PA;1973-01-01
BEL;BEL030431980;;EXP;1996-12-31;1996-12-31;043;Z.43;PANDORA;ZEEBR;;OPBQ;Y;N;N;Y;;N;;FX;TBB;NO;;;;;27.78;24.30;0.00;157.96;0.00;551.00;0.00;2;1980-10-02;E10;CYP;EX;PA;1980-01-01
BEL;BEL030441980;;DES;1993-12-30;1993-12-30;044;Z.44;DE CAINE;ZEEBR;;OPBR;Y;N;N;Y;;N;;FX;TBB;NO;;;;;27.78;24.60;0.00;157.96;0.00;551.00;0.00;2;1980-02-29;E10;;;AC;1980-01-01
BEL;BEL030451996;9141534;MOD;2024-01-05;2100-12-31;045;Z.45;JERKI;BEZEE;Zeebrugge;OPBS;Y;Y;Y;Y;N;Y;205227000;FX;TBB;NO;;;;;37.78;32.98;388.00;0.00;0.00;1200.00;0.00;2;1996-07-09;MFL;;;;1996-01-01
BEL;BEL030461983;;DES;2009-07-31;2009-07-31;046;Z.46;NEPTUNUS;ZEEBR;;OPBT;Y;Y;Y;Y;;N;;FX;TBB;NO;;;;;34.90;30.87;273.00;0.00;0.00;957.00;0.00;2;1983-02-04;MFL;;;AC;1983-01-01
BEL;BEL030471980;7902441;EXP;1992-05-07;1992-05-07;047;Z.47;SATURNUS;ZEEBR;;OPBU;Y;Y;N;Y;;N;;TO;TBB;NO;;;;;27.89;24.30;0.00;158.49;0.00;596.00;0.00;2;1980-08-13;E10;IRL;EX;PA;1980-01-01
BEL;BEL030471992;8871778;MOD;2022-08-03;2100-12-31;047;Z.47;DE MARIE LOUISE;BEZEE;Zeebrugge;OPBU;Y;Y;Y;Y;;Y;205059000;FX;TBB;NO;;;;;38.31;33.17;387.00;0.00;0.00;1200.00;0.00;2;1992-06-02;MFL;;;;1992-01-01
BEL;BEL030481983;;RET;2009-10-28;2009-10-28;048;Z.48;WODAN;ZEEBR;;OPBV;Y;Y;Y;Y;;N;;FX;TBB;NO;;;;;32.50;29.22;246.00;0.00;0.00;929.00;0.00;2;1983-12-06;MFL;;;PA;1983-01-01
BEL;BEL030501982;;EXP;2000-09-12;2000-09-12;050;Z.50;TIJL;ZEEBR;;OPBX;Y;N;Y;Y;;N;;TO;TBB;NO;;;;;35.00;31.42;238.00;0.00;0.00;883.00;0.00;2;1982-05-24;4A1;IRL;EX;PA;1982-01-01
BEL;BEL030531981;7916959;RET;2023-12-05;2023-12-05;053;Z.53;VAN EYCK;BEZEE;Zeebrugge;OPCA;Y;Y;Y;Y;N;Y;205259000;FX;TBB;NO;;;;;34.29;30.77;234.00;0.00;0.00;1200.00;0.00;2;1981-03-17;MFL;;;;1981-01-01
BEL;BEL030541985;;EXP;1992-12-08;1992-12-08;054;Z.54;DE BOUNTY;ZEEBR;;OPCB;Y;Y;N;Y;;N;;FX;TBB;NO;;;;;35.77;32.44;328.00;0.00;0.00;880.00;0.00;2;1985-12-03;E10;GBR;EX;PA;1985-01-01
BEL;BEL030541993;;DES;2006-10-05;2006-10-05;054;Z.54;DE BOUNTY;ZEEBR;;OPCB;Y;Y;Y;Y;;N;;FX;TBB;NO;;;;;37.87;32.98;385.00;0.00;0.00;795.00;0.00;2;1993-10-29;MFL;;;AC;1993-01-01
BEL;BEL030551962;8564478;MOD;2023-12-08;2100-12-31;002;O.2;MIKE MICHEL JUNIOR;BEZEE;Zeebrugge;OPAB;Y;Y;Y;Y;N;Y;205308000;FX;TBB;OTB;;;;;23.99;21.03;60.00;0.00;0.00;221.00;0.00;2;1973-03-07;MFL;;;;1962-01-01
BEL;BEL030561960;;RET;1996-12-31;1996-12-31;056;Z.56;ORKA;ZEEBR;;OPCD;Y;Y;N;Y;;N;;FX;TBB;PTB;;;;;23.00;20.61;52.00;0.00;0.00;220.00;0.00;2;1984-08-17;E10;;;PA;1960-01-01
BEL;BEL030561999;9152674;MOD;2021-01-12;2100-12-31;056;Z.56;PIETER;BEZEE;Zeebrugge;OPCD;Y;Y;Y;Y;;Y;205336000;FX;TBB;OTB;;;;;23.83;21.02;140.00;0.00;0.00;221.00;0.00;2;1999-10-27;MFL;;;;1999-01-01
BEL;BEL030591985;;DES;2005-03-09;2005-03-09;059;Z.59;GUDRUN;ZEEBR;;OPCG;Y;Y;Y;Y;;N;;FX;TBB;NO;;;;;34.90;30.87;273.00;0.00;0.00;957.00;0.00;2;1985-10-01;MFL;;;PA;1985-01-01
BEL;BEL030601988;;EXP;2000-07-24;2000-07-24;060;Z.60;BLUE ANGEL;ZEEBR;;OPCH;Y;Y;Y;Y;;N;;FX;TBB;NO;;;;;36.25;32.58;317.00;0.00;0.00;882.00;0.00;2;1988-03-15;4A1;GBR;EX;PA;1988-01-01
BEL;BEL030602001;9222077;MOD;2021-01-13;2100-12-31;060;Z.60;BLUE ANGEL;BEZEE;Zeebrugge;OPCH;Y;Y;Y;Y;;Y;205198000;FX;TBB;NO;;;;;37.83;33.01;388.00;0.00;0.00;1200.00;0.00;2;2001-03-30;MFL;;;;2001-01-01
BEL;BEL030631987;8553455;MOD;2024-07-25;2100-12-31;063;Z.63;THALASSA;BEZEE;Zeebrugge;OPCK;Y;Y;Y;Y;N;Y;205293000;FX;TBB;DRB;;;;;20.04;16.99;68.00;0.00;0.00;219.00;0.00;2;1987-02-27;MFL;;;;1987-01-01
BEL;BEL030661985;;DES;1996-02-06;1996-02-06;066;O.66;L'EBAUCHE;OOSTE;;OPCN;Y;N;N;Y;;N;;FX;TBB;NO;;;;;30.58;27.16;224.00;0.00;0.00;662.00;0.00;2;1985-03-01;E10;;;PA;1985-01-01
BEL;BEL030671983;8410017;MOD;2024-01-05;2100-12-31;067;Z.67;RUBENS;BEZEE;Zeebrugge;OPCO;Y;Y;Y;Y;N;Y;205155000;FX;TBB;NO;;;;;34.90;30.87;284.00;0.00;0.00;1200.00;0.00;2;1984-09-17;MFL;;;;1983-01-01
BEL;BEL030691986;;EXP;1993-03-23;1993-03-23;069;Z.69;DE KAPER;ZEEBR;;OPCQ;Y;Y;N;Y;;N;;FX;TBB;NO;;;;;34.90;31.50;273.00;0.00;0.00;882.00;0.00;2;1986-11-07;E10;GBR;EX;PA;1986-01-01
BEL;BEL030691995;;DES;2009-12-17;2009-12-17;069;Z.69;ATLANTIS;ZEEBR;;OPCQ;Y;Y;Y;Y;;N;;FX;TBB;NO;;;;;37.78;32.98;386.00;0.00;0.00;994.00;0.00;2;1995-07-04;MFL;;;AC;1995-01-01
BEL;BEL030692010;;RET;2011-10-25;2011-10-25;069;Z.69;ATLANTIS;ZEEBR;;OPCQ;Y;Y;Y;Y;;N;;FX;GNS;LHM;;;;;14.45;14.44;17.00;0.00;0.00;545.00;0.00;3;2010-05-12;MFL;;;PA;2010-01-01
BEL;BEL030701985;;RET;2016-10-15;2016-10-15;071;O.71;JACOB KIEN;OOSTE;;OPCS;Y;Y;Y;Y;;N;;FX;TBB;OTB;;;;;23.77;21.20;70.00;0.00;0.00;221.00;0.00;2;1986-01-07;MFL;;;PA;1985-01-01
BEL;BEL030721967;;DES;1995-01-17;1995-01-17;072;Z.72;AQUARIUS;ZEEBR;;OPCT;Y;N;N;Y;;N;;FX;TBB;NO;;;;;29.52;25.56;163.00;0.00;0.00;441.00;0.00;2;1968-04-29;E10;;;AC;1967-01-01
BEL;BEL030761985;;DES;2012-01-24;2012-01-24;076;Z.76;ZEEJAGER;ZEEBR;;OPCX;Y;Y;Y;Y;;N;;FX;TBB;NO;;;;;34.90;30.87;273.00;0.00;0.00;957.00;0.00;2;1985-01-30;MFL;;;PA;1985-01-01
BEL;BEL030781983;;DES;2009-07-22;2009-07-22;078;Z.78;VERTROUWEN;ZEEBR;;OPCZ;Y;Y;Y;Y;;N;;FX;TBB;NO;;;;;34.90;30.87;274.00;0.00;0.00;957.00;0.00;2;1984-04-03;MFL;;;AC;1983-01-01
BEL;BEL030791986;8545783;MOD;2021-08-26;2100-12-31;079;N.79;WARRIOR;BENIE;Nieuwpoort;OPDA;Y;Y;Y;Y;;Y;205291000;FX;TBB;NO;;;;;23.82;21.31;70.00;0.00;0.00;221.00;0.00;2;1986-11-24;MFL;;;;1986-01-01
BEL;BEL030801984;8529167;RET;2023-11-27;2023-11-27;080;Z.80;SILVERPIT;BEZEE;Zeebrugge;OPDB;Y;Y;Y;Y;N;Y;205290000;FX;TBB;NO;;;;;23.85;21.36;78.00;0.00;0.00;221.00;0.00;2;1984-11-16;MFL;;;;1984-01-01
BEL;BEL030821997;8523412;MOD;2021-01-13;2100-12-31;082;N.82;NAUTILUS;BENIE;Nieuwpoort;OPDD;Y;Y;Y;Y;;Y;205026000;FX;TBB;OTB;;;;;18.14;16.45;55.00;0.00;0.00;221.00;0.00;2;1997-04-11;MFL;;;;1997-01-01
BEL;BEL030841981;;DES;2003-08-05;2003-08-05;184;Z.184;LINQUENDA;ZEEBR;;OPHB;Y;N;Y;Y;;N;;FX;TBB;NO;;;;;31.25;27.48;202.00;0.00;0.00;684.00;0.00;2;1981-02-16;MFL;;;PA;1981-01-01
BEL;BEL030842004;;RET;2006-06-23;2006-06-23;184;Z.184;PASCAL I;ZEEBR;;OPHB;Y;Y;Y;Y;;N;;FX;TBB;NO;;;;;26.00;24.56;205.00;0.00;0.00;684.00;0.00;2;2004-11-22;MFL;;;PA;2004-01-01
BEL;BEL030851987;;DES;2016-07-31;2016-07-31;085;Z.85;MORGENSTER;ZEEBR;;OPDG;Y;Y;Y;Y;;N;;FX;TBB;OTB;;;;;23.98;22.18;95.00;0.00;0.00;221.00;0.00;2;1987-06-11;MFL;;;PA;1987-01-01
BEL;BEL030861987;;RET;2006-03-31;2006-03-31;086;N.86;SURCOUF;NIEUW;;OPDH;Y;Y;N;Y;;N;;FX;TBB;NO;;;;;14.50;12.89;31.00;0.00;0.00;221.00;0.00;2;1987-06-16;MFL;;;PA;1987-01-01
BEL;BEL030891982;8333582;DES;2017-03-21;2017-03-21;089;O.89;SANDRA;OOSTE;;OPDK;Y;Y;Y;Y;;N;;FX;TBB;NO;;;;;33.53;29.22;233.00;0.00;0.00;1026.00;0.00;2;1982-06-29;MFL;;;PA;1982-01-01
BEL;BEL030901982;8401937;RET;2021-10-15;2021-10-15;090;Z.90;FRANCINE;BEZEE;Zeebrugge;OPDL;Y;Y;Y;Y;;Y;205197000;FX;TBB;NO;;;;;37.88;33.75;311.00;0.00;0.00;1200.00;0.00;2;1983-09-21;MFL;;;;1982-01-01
BEL;BEL030911985;;DES;2006-10-17;2006-10-17;091;Z.91;NOORDHINDER;ZEEBR;;OPDM;Y;Y;Y;Y;;N;;FX;TBB;NO;;;;;37.88;33.75;311.00;0.00;0.00;957.00;0.00;2;1985-04-11;MFL;;;AC;1985-01-01
BEL;BEL030912021;9919503;MOD;2021-10-20;2100-12-31;091;Z.91;FRANSON;BEZEE;Zeebrugge;OPDM;Y;Y;Y;Y;;Y;205127000;FX;TBB;NO;;;;;37.90;33.63;384.00;0.00;0.00;1200.00;0.00;2;2021-10-15;MFL;;;;2021-01-01
BEL;BEL030921980;;DES;2006-09-28;2006-09-28;092;Z.92;YENTL;ZEEBR;;OPDN;Y;Y;Y;Y;;N;;FX;TBB;NO;;;;;34.54;30.84;286.00;0.00;0.00;883.00;0.00;2;1980-09-18;MFL;;;AC;1980-01-01
BEL;BEL030931986;8529155;MOD;2021-01-18;2100-12-31;093;N.93;AALSCHOLVER;BENIE;Nieuwpoort;OPDO;Y;Y;Y;Y;;Y;205307000;FX;GNS;OTB;;;;;21.08;18.68;67.00;0.00;0.00;220.00;0.00;2;1986-03-11;MFL;;;;1986-01-01
BEL;BEL030961986;;EXP;2011-07-29;2011-07-29;096;Z.96;JAN VAN GENT;ZEEBR;;OPDR;Y;Y;Y;Y;;N;;FX;TBB;NO;;;;;37.15;32.73;366.00;0.00;0.00;1200.00;0.00;2;1986-04-17;MFL;IRL;EX;PA;1986-01-01
BEL;BEL030971986;;EXP;1994-01-22;1994-01-22;097;Z.97;CLEOPATRA;ZEEBR;;OPDS;Y;N;N;Y;;N;;FX;TBB;NO;;;;;34.90;30.87;273.00;0.00;0.00;882.00;0.00;2;1986-04-18;E10;GBR;EX;PA;1986-01-01
BEL;BEL030971994;9109794;MOD;2024-06-25;2100-12-31;548;Z.548;FLAMINGO;BEZEE;Zeebrugge;OPVR;Y;Y;Y;Y;N;Y;205333000;FX;TBB;OTB;;;;;37.72;32.98;396.00;0.00;0.00;1200.00;0.00;2;1994-06-24;MFL;;;;1994-01-01
BEL;BEL030981970;;RET;1989-10-20;1989-10-20;098;Z.98;OP HOOP VAN ZEGEN;ZEEBR;;OPDT;Y;Y;N;Y;;N;;FX;TBB;NO;;;;;30.57;27.00;0.00;156.49;0.00;662.00;0.00;2;1970-07-01;ZEE;;;PA;1970-01-01
BEL;BEL030981991;9019456;MOD;2021-07-07;2100-12-31;094;Z.94;OP HOOP VAN ZEGEN;BEZEE;Zeebrugge;OPDP;Y;Y;Y;Y;;Y;205160000;FX;TBB;OTB;;;;;33.67;30.18;273.00;0.00;0.00;1122.00;0.00;2;1991-05-23;MFL;;;;1991-01-01
BEL;BEL030982021;9902110;MOD;2021-08-18;2100-12-31;098;Z.98;WINDROOS;BEZEE;Zeebrugge;OPDV;Y;Y;Y;Y;;Y;205279000;FX;TBB;NO;;;;;37.95;35.34;385.00;0.00;0.00;1200.00;0.00;2;2021-08-02;MFL;;;;2021-01-01
BEL;BEL030991975;;EXP;1991-06-15;1991-06-15;099;Z.99;TERRA NOVA;ZEEBR;;OPDU;Y;Y;N;Y;;N;;FX;TBB;NO;;;;;33.53;28.75;0.00;199.60;0.00;880.00;0.00;2;1975-05-16;ZEE;IRL;EX;PA;1975-01-01
BEL;BEL030991991;;DES;2006-09-07;2006-09-07;099;Z.99;TERRA NOVA;ZEEBR;;OPDU;Y;Y;Y;Y;N;N;;FX;TBB;NO;;;;;40.57;35.79;462.00;0.00;0.00;957.00;0.00;2;1991-10-18;MFL;;;AC;1991-01-01
BEL;BEL030992022;9917268;EXP;2023-04-25;2023-04-25;099;Z.99;ARAVIS;BEZEE;Zeebrugge;OPDU;Y;Y;Y;Y;N;Y;205138000;FX;SSC;OTB;;;;;24.99;23.88;240.00;0.00;0.00;1062.00;0.00;2;2022-02-15;MFL;NLD;EX;PA;2022-01-01
BEL;BEL031051987;;DES;2009-07-30;2009-07-30;105;Z.105;ATLAS;ZEEBR;;OPEA;Y;Y;Y;Y;;N;;FX;TBB;NO;;;;;36.25;32.58;317.00;0.00;0.00;957.00;0.00;2;1987-12-05;MFL;;;AC;1987-01-01
BEL;BEL031211983;;EXP;1992-06-05;1992-06-05;121;Z.121;BARENTSZEE;ZEEBR;;OPEQ;Y;Y;N;Y;;N;;FX;TBB;NO;;;;;30.58;26.50;222.00;0.00;0.00;662.00;0.00;2;1984-01-16;E10;GBR;EX;PA;1983-01-01
BEL;BEL031211992;8871766;MOD;2023-12-21;2100-12-31;121;Z.121;DEBORAH;BEZEE;Zeebrugge;OPEQ;Y;Y;Y;Y;N;Y;205162000;FX;TBB;NO;;;;;37.87;32.98;385.00;0.00;0.00;1200.00;0.00;2;1992-06-24;MFL;;;;1992-01-01
BEL;BEL031221985;;DES;2007-11-15;2007-11-15;122;Z.122;NOORDSTER;ZEEBR;;OPER;Y;Y;Y;Y;;N;;FX;TBB;NO;;;;;23.78;21.41;84.00;0.00;0.00;220.00;0.00;2;1985-05-31;MFL;;;PA;1985-01-01
BEL;BEL031231964;;EXP;2000-06-22;2000-06-22;123;Z.123;ELDORADO;ZEEBR;;OPES;Y;Y;Y;Y;;N;;FX;OTB;NO;;;;;27.20;24.30;99.00;0.00;0.00;221.00;0.00;2;1964-11-05;4A2;NLD;EX;PA;1964-01-01
BEL;BEL031231992;;RET;2006-02-16;2006-02-16;123;Z.123;FURY;ZEEBR;;OPES;Y;Y;N;Y;;N;;FX;TBB;NO;;;;;9.15;8.66;5.00;0.00;0.00;221.00;0.00;3;2002-07-29;MFL;;;PA;1992-01-01
BEL;BEL031281966;;DES;1995-01-31;1995-01-31;128;Z.128;REMBRANDT;ZEEBR;;OPEX;Y;N;N;Y;;N;;FX;OTB;NO;;;;;28.75;26.00;0.00;130.90;0.00;243.00;0.00;2;1966-06-17;E13;;;AC;1966-01-01
BEL;BEL031341966;;DES;1993-12-31;1993-12-31;134;Z.134;MERCATOR;ZEEBR;;OPFD;Y;N;N;Y;;N;;FX;OTB;NO;;;;;28.75;26.40;0.00;130.90;0.00;243.00;0.00;2;1966-07-08;E13;;;AC;1966-01-01
BEL;BEL031411964;;EXP;1999-02-11;1999-02-11;141;N.141;DON BOSCO;NIEUW;;OPFK;Y;N;Y;Y;;N;;FX;TBB;OTB;;;;;27.20;23.58;98.00;0.00;0.00;221.00;0.00;2;1964-05-19;4A1;NLD;EX;PA;1964-01-01
BEL;BEL031621974;;EXP;1990-09-13;1990-09-13;162;Z.162;VAN DYCK;ZEEBR;;OPGF;Y;Y;N;Y;;N;;FX;TBB;NO;;;;;33.53;28.75;0.00;199.77;0.00;735.00;0.00;2;1974-06-19;ZEE;IRL;EX;PA;1974-01-01
BEL;BEL031621990;;DES;2009-07-29;2009-07-29;162;Z.162;VAN DIJCK;ZEEBR;;OPGF;Y;Y;Y;Y;;N;;FX;TBB;NO;;;;;37.00;32.78;386.00;0.00;0.00;1178.00;0.00;2;1991-01-17;MFL;;;AC;1990-01-01
BEL;BEL031831973;;RET;2008-11-14;2008-11-14;183;Z.183;CHRISTOPHER;ZEEBR;;OPHA;Y;Y;Y;Y;;N;;FX;TBB;NO;;;;;30.70;26.76;147.00;0.00;0.00;990.00;0.00;2;1973-08-10;MFL;;;PA;1973-01-01
BEL;BEL031851983;;DES;2006-08-21;2006-08-21;185;Z.185;EMERALD STAR;ZEEBR;;OPHC;Y;Y;Y;Y;;N;;FX;TBB;NO;;;;;36.92;34.02;296.00;0.00;0.00;882.00;0.00;2;1983-12-23;MFL;;;AC;1983-01-01
BEL;BEL031861975;;EXP;1990-09-13;1990-09-13;186;Z.186;SHANNON;ZEEBR;;OPHD;Y;Y;N;Y;;N;;FX;TBB;NO;;;;;34.80;30.78;0.00;226.43;0.00;882.00;0.00;2;1975-10-03;ZEE;IRL;EX;PA;1975-01-01
BEL;BEL031861991;;RET;2009-11-16;2009-11-16;186;Z.186;SHANNON;ZEEBR;;OPHD;Y;Y;Y;Y;;N;;FX;TBB;NO;;;;;36.98;33.59;333.00;0.00;0.00;957.00;0.00;2;1991-11-20;MFL;;;PA;1991-01-01
BEL;BEL031891966;;DES;1992-12-28;1992-12-28;189;Z.189;SHAMROCK;ZEEBR;;OPHG;Y;N;N;Y;;N;;FX;TBB;NO;;;;;29.20;26.21;0.00;111.07;0.00;309.00;0.00;2;1966-06-06;E10;;;AC;1966-01-01
BEL;BEL031961973;;EXP;2009-04-16;2009-04-16;196;Z.196;ZEEDUIVEL;ZEEBR;;OPHN;Y;Y;Y;Y;;N;;FX;TBB;NO;;;;;31.35;27.37;189.00;0.00;0.00;887.00;0.00;2;1973-07-05;MFL;NLD;EX;PA;1973-01-01
BEL;BEL031981967;;EXP;1998-12-07;1998-12-07;198;Z.198;ZEENIMF;ZEEBR;;OPHP;Y;Y;Y;Y;;N;;FX;OTB;NO;;;;;29.20;26.12;158.00;0.00;0.00;368.00;0.00;2;1967-05-05;4A2;NLD;;PA;1967-01-01
BEL;BEL031981998;9056208;EXP;2015-08-19;2015-08-19;198;Z.198;MARGARET OF LADRAM;ZEEBR;;OPHP;Y;Y;Y;Y;;N;;TU;TBB;OTB;;;;;33.07;29.86;264.00;0.00;0.00;1200.00;0.00;2;1998-12-07;MFL;GBR;EX;PA;1998-01-01
BEL;BEL032001972;;DES;1989-03-05;1989-03-05;200;Z.200;TIJL UILENSPIEGEL;ZEEBR;;OPHR;Y;Y;N;Y;;N;;FX;TBB;NO;;;;;30.70;26.90;0.00;143.12;0.00;551.00;0.00;2;1972-03-15;ZEE;;;PA;1972-01-01
BEL;BEL032001990;;DES;2006-10-05;2006-10-05;200;Z.200;WAGRAM;ZEEBR;;OPHR;Y;Y;Y;Y;;N;;FX;TBB;NO;;;;;33.08;29.25;249.00;0.00;0.00;938.00;0.00;2;1990-06-26;MFL;;;AC;1990-01-01
BEL;BEL032011944;;DES;1989-10-25;1989-10-25;201;Z.201;MARIE-MADELEINE;ZEEBR;;OPHS;Y;Y;N;Y;;N;;FX;TBB;PTB;;;;;20.00;18.79;0.00;49.99;0.00;110.00;0.00;1;1945-03-15;ZEE;;;PA;1944-01-01
BEL;BEL032011996;9056193;MOD;2023-09-22;2100-12-31;201;Z.201;PIETER SENIOR;BEZEE;Zeebrugge;OPHS;Y;Y;Y;Y;N;Y;205191000;FX;TBB;OTB;;;;;23.94;20.95;139.00;0.00;0.00;221.00;0.00;2;1996-08-30;MFL;;;;1996-01-01
BEL;BEL032071985;;EXP;2001-01-26;2001-01-26;207;Z.207;VERWACHTING;ZEEBR;;OPHY;Y;N;Y;Y;;N;;TU;OTB;NO;;;;;23.77;21.12;69.00;0.00;0.00;221.00;0.00;2;1985-09-26;4A2;NLD;EX;PA;1985-01-01
BEL;BEL032431988;;DES;2009-07-30;2009-07-30;243;Z.243;MEDUSA;ZEEBR;;OPJI;Y;Y;Y;Y;;N;;FX;TBB;NO;;;;;36.25;32.58;317.00;0.00;0.00;957.00;0.00;2;1988-12-14;MFL;;;AC;1988-01-01
BEL;BEL032841982;;DES;2009-07-31;2009-07-31;284;Z.284;ANTONIA-MARTRUIDA;ZEEBR;;OPKX;Y;Y;Y;Y;;N;;FX;TBB;NO;;;;;35.05;31.97;281.00;0.00;0.00;1065.00;0.00;2;1982-10-13;MFL;;;AC;1982-01-01
BEL;BEL032961980;;EXP;2000-08-21;2000-08-21;296;Z.296;MOOIE MEID;ZEEBR;;OPLJ;Y;Y;Y;Y;;N;;FX;TBB;NO;;;;;28.02;23.98;186.00;0.00;0.00;540.00;0.00;2;1980-07-22;4A1;NLD;EX;PA;1980-01-01
BEL;BEL032962000;9242807;MOD;2021-01-12;2100-12-31;296;Z.296;MOOIE MEID;BEZEE;Zeebrugge;OPLJ;Y;Y;Y;Y;;Y;205303000;FX;TBB;SSC;;;;;38.00;33.01;393.00;0.00;0.00;1200.00;0.00;2;2000-08-22;MFL;;;;2000-01-01
BEL;BEL033001981;;DES;1990-08-26;1990-08-26;300;Z.300;VEERMAN;ZEEBR;;OPLN;Y;N;N;Y;;N;;FX;TBB;NO;;;;;21.08;18.00;0.00;69.71;0.00;221.00;0.00;2;1981-10-15;ZEE;;;PA;1981-01-01
BEL;BEL033071967;;DES;2006-02-22;2006-02-22;307;Z.307;ZEETRAPPER;ZEEBR;;OPLU;Y;Y;Y;Y;;N;;FX;OTB;NO;;;;;27.20;24.30;100.00;0.00;0.00;221.00;0.00;2;1967-07-24;MFL;;;PA;1967-01-01
BEL;BEL033191960;;EXP;1989-11-20;1989-11-20;319;Z.319;PHILADELPHIAN;ZEEBR;;OPMG;Y;Y;N;Y;;N;;FX;TBB;NO;;;;;39.87;35.67;0.00;264.41;0.00;1064.00;0.00;2;1960-07-01;ZEE;GMB;EX;PA;1960-01-01
BEL;BEL033211961;;EXP;1990-03-23;1990-03-23;321;Z.321;AURORA;ZEEBR;;OPMI;Y;Y;N;Y;;N;;FX;TBB;NO;;;;;27.20;23.30;0.00;80.32;0.00;415.00;0.00;2;1961-07-01;ZEE;NLD;EX;PA;1961-01-01
BEL;BEL033211990;;DES;2004-12-10;2004-12-10;321;Z.321;WESTHINDER;ZEEBR;;OPMI;Y;Y;Y;Y;;N;;FX;TBB;NO;;;;;40.68;35.79;462.00;0.00;0.00;957.00;0.00;2;1990-04-19;MFL;;;AC;1990-01-01
BEL;BEL033241948;;DES;1995-01-26;1995-01-26;324;Z.324;WIELINGEN;ZEEBR;;OPML;Y;N;N;Y;;N;;FX;TBB;NO;;;;;33.60;31.00;135.00;0.00;0.00;368.00;0.00;2;1948-08-12;E10;;;AC;1948-01-01
BEL;BEL034022000;8745462;MOD;2021-09-03;2100-12-31;189;Z.189;CORNELIS GERRIT;BEZEE;Zeebrugge;OPHG;Y;Y;Y;Y;;Y;205346000;FX;TBB;OTB;;;;;23.99;21.30;102.00;0.00;0.00;221.00;0.00;2;2000-05-18;MFL;;;;2000-01-01
BEL;BEL034031961;;DES;2017-11-28;2017-11-28;582;Z.582;ASANNAT;ZEEBR;;OPWZ;Y;Y;Y;Y;;N;;FX;TBB;OTB;;;;;21.00;18.43;62.00;0.00;0.00;221.00;0.00;2;1961-12-18;MFL;;;PA;1961-01-01
BEL;BEL034081969;;DES;1993-12-29;1993-12-29;408;N.408;SPERANZA;NIEUW;;OPQH;Y;N;N;Y;;N;;FX;TBB;NO;;;;;22.70;19.20;74.00;0.00;0.00;213.00;0.00;2;1969-09-29;C10;;;AC;1969-01-01
BEL;BEL034301957;;EXP;1999-09-09;1999-09-09;430;O.430;BIMIN;OOSTE;;OPRD;Y;N;Y;Y;;N;;TU;TBB;NO;;;;;19.62;17.28;53.00;0.00;0.00;184.00;0.00;2;1957-05-09;4A1;NLD;EX;PA;1957-01-01
BEL;BEL034311997;9171216;MOD;2021-01-13;2100-12-31;431;Z.431;ALLES WISSELT;BEZEE;Zeebrugge;OPRE;Y;Y;Y;Y;;Y;205236000;FX;TBB;NO;;;;;23.94;21.26;130.00;0.00;0.00;221.00;0.00;2;1997-06-25;MFL;;;;1997-01-01
BEL;BEL034451954;;DES;1992-06-23;1992-06-23;445;Z.445;MARINA;ZEEBR;;OPRS;Y;N;N;Y;;N;;FX;TBB;NO;;;;;19.00;17.00;0.00;41.63;0.00;221.00;0.00;2;1954-05-21;C10;;;AC;1954-01-01
BEL;BEL034471968;;RET;1992-02-20;1992-02-20;447;Z.447;HURRICANE;ZEEBR;;OPRU;Y;N;N;Y;;N;;FX;TBB;OTB;;;;;17.12;14.10;0.00;42.25;0.00;143.00;0.00;1;1968-07-29;C10;;;PA;1968-01-01
BEL;BEL034621968;;EXP;1999-04-09;1999-04-09;462;Z.462;ZEEPAREL;ZEEBR;;OPSJ;Y;N;Y;Y;;N;;DO;TBB;NO;;;;;30.70;26.76;145.00;0.00;0.00;662.00;0.00;2;1968-05-08;4A1;IRL;EX;PA;1968-01-01
BEL;BEL034701987;;DES;2006-08-21;2006-08-21;470;Z.470;ODIN;ZEEBR;;OPSR;Y;Y;Y;Y;;N;;FX;TBB;NO;;;;;23.82;21.31;82.00;0.00;0.00;221.00;0.00;2;1988-02-18;MFL;;;AC;1987-01-01
BEL;BEL034721955;;DES;1992-12-15;1992-12-15;472;Z.472;CONDOR;ZEEBR;;OPST;Y;N;N;Y;;N;;FX;TBB;PTB;;;;;18.70;15.50;0.00;39.35;0.00;132.00;0.00;1;1955-03-21;C10;;;AC;1955-01-01
BEL;BEL034741963;;RET;1994-07-07;1994-07-07;474;Z.474;ARGO;ZEEBR;;OPSV;Y;Y;N;Y;;N;;FX;TBB;PTB;;;;;20.50;18.43;0.00;47.78;0.00;220.00;0.00;2;1963-07-01;C10;;;PA;1963-01-01
BEL;BEL034741994;8935304;RET;2013-10-07;2013-10-07;474;Z.474;HESSEL SR.;ZEEBR;;OPSV;Y;Y;Y;Y;;N;;FX;TBB;OTB;;;;;23.93;21.26;130.00;0.00;0.00;220.00;0.00;2;1994-07-12;MFL;;;PA;1994-01-01
BEL;BEL034831971;;EXP;2001-04-27;2001-04-27;483;Z.483;CAROLINA;ZEEBR;;OPTE;Y;Y;Y;Y;;N;;FX;TBB;NO;;;;;34.21;30.31;187.00;0.00;0.00;441.00;0.00;2;1971-02-03;4A1;VCT;EX;PA;1971-01-01
BEL;BEL034832001;8972986;MOD;2021-01-12;2100-12-31;048;Z.48;DE MARIA ANTONIA;BEZEE;Zeebrugge;OPTE;Y;Y;Y;Y;;Y;205243000;FX;TBB;OTB;;;;;37.81;32.98;385.00;0.00;0.00;1200.00;0.00;2;2001-05-14;MFL;;;;2001-01-01
BEL;BEL034832021;9896787;MOD;2021-02-08;2100-12-31;483;Z.483;JASMINE;BEZEE;Zeebrugge;OPBR;Y;Y;Y;Y;;Y;205077000;FX;TBB;NO;;;;;38.00;36.00;385.00;0.00;0.00;1200.00;0.00;2;2021-01-13;MFL;;;;2021-01-01
BEL;BEL034841966;;DES;1992-12-23;1992-12-23;484;Z.484;FOX;ZEEBR;;OPTF;Y;N;N;Y;;N;;FX;TBB;NO;;;;;27.20;23.30;0.00;96.36;0.00;221.00;0.00;2;1966-11-22;C10;;;AC;1966-01-01
BEL;BEL035011988;;DES;2006-10-12;2006-10-12;501;N.501;ASTERIAS;NIEUW;;OPTW;Y;Y;Y;Y;;N;;FX;TBB;NO;;;;;23.97;21.57;98.00;0.00;0.00;221.00;0.00;2;1988-06-23;MFL;;;AC;1988-01-01
BEL;BEL035021967;;DES;1992-12-31;1992-12-31;502;Z.502;REGINE;ZEEBR;;OPTX;Y;N;N;Y;;N;;FX;OTB;TBB;;;;;28.12;18.43;0.00;124.13;0.00;221.00;0.00;2;1967-12-28;E13;;;AC;1967-01-01
BEL;BEL035061971;;EXP;1996-12-31;1996-12-31;506;Z.506;NOORDPOOL;ZEEBR;;OPUB;Y;N;N;Y;;N;;FX;TBB;NO;;;;;30.70;26.90;140.00;0.00;0.00;442.00;0.00;2;1971-09-07;E10;SLE;EX;PA;1971-01-01
BEL;BEL035071966;;DES;1992-04-02;1992-04-02;507;Z.507;DESIRE;ZEEBR;;OPUC;Y;N;N;Y;;N;;FX;TBB;NO;;;;;27.40;24.11;0.00;112.00;0.00;368.00;0.00;2;1966-10-26;E10;;;AC;1966-01-01
BEL;BEL035091963;;DES;1995-01-26;1995-01-26;509;Z.509;TELSTAR;ZEEBR;;OPUE;Y;N;N;Y;;N;;FX;TBB;NO;;;;;27.20;23.70;101.00;0.00;0.00;221.00;0.00;2;1963-09-09;E10;;;AC;1963-01-01
BEL;BEL035101970;;EXP;1989-06-15;1989-06-15;510;Z.510;ZEEMANSBLIK II;ZEEBR;;OPUF;Y;Y;N;Y;;N;;FX;OTB;NO;;;;;23.80;18.43;0.00;91.86;0.00;276.00;0.00;2;1970-01-29;ZEE;IRL;EX;PA;1970-01-01
BEL;BEL035101989;8837473;RET;2020-07-06;2020-07-06;084;Z.84;CALYPSO;ZEEBR;;OPDF;Y;Y;Y;Y;;N;;FX;TBB;OTB;;;;;34.90;30.87;284.00;0.00;0.00;1200.00;0.00;2;1989-06-20;MFL;;;;1989-01-01
BEL;BEL035102000;9215969;MOD;2021-01-14;2100-12-31;510;Z.510;DENNIS;BEZEE;Zeebrugge;OPUF;Y;Y;Y;Y;;Y;205246000;FX;TBB;NO;;;;;37.96;33.39;388.00;0.00;0.00;1200.00;0.00;2;2000-09-08;MFL;;;;2000-01-01
BEL;BEL035191970;;DES;1993-04-08;1993-04-08;519;Z.519;WHITE HORSE;ZEEBR;;OPUO;Y;Y;N;Y;;N;;FX;TBB;NO;;;;;28.12;24.00;154.00;0.00;0.00;386.00;0.00;2;1970-09-04;E10;;;PA;1970-01-01
BEL;BEL035191993;;DES;2012-06-25;2012-06-25;519;Z.519;ENTERPRISE;ZEEBR;;OPUO;Y;Y;Y;Y;;N;;FX;TBB;OTB;;;;;22.07;19.43;98.00;0.00;0.00;221.00;0.00;2;1993-04-23;MFL;;;PA;1993-01-01
BEL;BEL035251997;9150729;MOD;2021-12-13;2100-12-31;525;Z.525;SYLVIA-MARY;BEZEE;Zeebrugge;OPUU;Y;Y;Y;Y;;Y;205232000;FX;TBB;OTB;;;;;23.85;20.98;138.00;0.00;0.00;221.00;0.00;2;1997-05-15;MFL;;;;1997-01-01
BEL;BEL035261968;;RET;1996-10-25;1996-10-25;526;Z.526;FLAMINGO II;ZEEBR;;OPUV;Y;Y;N;Y;;N;;FX;TBB;NO;;;;;30.70;26.90;159.00;0.00;0.00;368.00;0.00;2;1968-08-26;E10;;;PA;1968-01-01
BEL;BEL035261999;9202871;MOD;2023-09-15;2100-12-31;526;Z.526;VAYA CON DIOS;BEZEE;Zeebrugge;OPUV;Y;Y;Y;Y;N;Y;205316000;FX;TBB;OTB;;;;;36.11;32.52;351.00;0.00;0.00;942.00;0.00;2;1999-05-14;MFL;;;;1999-01-01
BEL;BEL035361963;;EXP;1999-11-04;1999-11-04;536;O.536;ZEEVALK;OOSTE;;OPVF;Y;Y;Y;Y;;N;;FX;TBB;OTB;;;;;20.50;18.43;46.00;0.00;0.00;166.00;0.00;2;1963-12-11;4A1;NLD;EX;PA;1963-01-01
BEL;BEL035481988;;DES;2003-11-18;2003-11-18;548;Z.548;FLAMINGO;ZEEBR;;OPVR;Y;Y;Y;Y;;N;;FX;TBB;NO;;;;;23.82;21.31;82.00;0.00;0.00;221.00;0.00;2;1988-11-07;MFL;;;PA;1988-01-01
BEL;BEL035541964;8433186;EXP;1998-09-30;1998-09-30;554;Z.554;NADIA;ZEEBR;;OPVX;Y;N;Y;Y;;N;;TU;TBB;OTB;;;;;19.20;16.55;42.00;0.00;0.00;191.00;0.00;2;1964-07-01;4A1;NLD;EX;PA;1964-01-01
BEL;BEL035681988;8745436;MOD;2022-12-19;2100-12-31;041;Z.41;ALBERT BOS;BEZEE;Zeebrugge;OPBO;Y;Y;Y;Y;;Y;205263000;FX;TBB;OTB;;;;;23.97;21.57;100.00;0.00;0.00;221.00;0.00;2;1988-03-15;MFL;;;;1988-01-01
BEL;BEL035691965;;RET;1992-06-02;1992-06-02;569;Z.569;BLAUWVOET;ZEEBR;;OPWM;Y;N;N;Y;;N;;FX;OTB;NO;;;;;25.00;21.49;0.00;97.44;0.00;221.00;0.00;2;1965-02-28;E13;;;AC;1965-01-01
BEL;BEL035711989;8817344;MOD;2021-01-11;2100-12-31;571;Z.571;CUSTOS DEUS;BEZEE;Zeebrugge;OPWO;Y;Y;Y;Y;;Y;205192000;FX;TBB;OTB;;;;;38.93;34.35;372.00;0.00;0.00;1200.00;0.00;2;1989-06-30;MFL;;;;1989-01-01
BEL;BEL035731964;;DES;1993-12-29;1993-12-29;573;Z.573;LA PALOMA;ZEEBR;;OPWQ;Y;N;N;Y;;N;;FX;OTB;NO;;;;;25.20;22.07;0.00;99.02;0.00;221.00;0.00;2;1965-02-09;E13;;;AC;1964-01-01
BEL;BEL035752000;9092642;MOD;2024-07-08;2100-12-31;575;Z.57;HEIN SENIOR;BEZEE;Zeebrugge;OPWS;Y;Y;Y;Y;N;Y;205128000;FX;TBB;OTB;;;;;23.99;21.30;102.00;0.00;0.00;221.00;0.00;2;2000-01-14;MFL;;;;2000-01-01
BEL;BEL035752024;1027902;MOD;2025-03-10;2100-12-31;574;Z.575;JANNEKE;BEZEE;Zeebrugge;OPCE;Y;Y;Y;Y;N;Y;205247000;FX;TBB;OTB;;;;;27.99;26.74;260.00;0.00;0.00;1200.00;0.00;2;2024-06-11;MFL;;;PA;2024-01-01
BEL;BEL035761969;;DES;1998-09-02;1998-09-02;576;Z.576;OSTARA;ZEEBR;;OPWT;Y;Y;Y;Y;;N;;FX;TBB;NO;;;;;33.21;26.83;182.00;0.00;0.00;441.00;0.00;2;1969-07-17;4A1;;;PA;1969-01-01
BEL;BEL035761999;8976451;MOD;2021-01-12;2100-12-31;576;Z.576;MARE NOSTRUM;BEZEE;Zeebrugge;OPWT;Y;Y;Y;Y;;Y;205322000;FX;TBB;NO;;;;;37.89;32.98;385.00;0.00;0.00;1200.00;0.00;2;1999-06-22;MFL;;;;1999-01-01
BEL;BEL035781965;;DES;1992-06-22;1992-06-22;578;Z.578;CAROHEIN;ZEEBR;;OPWV;Y;N;N;Y;;N;;FX;TBB;PTB;;;;;21.00;17.75;0.00;57.84;0.00;217.00;0.00;1;1966-02-15;C10;;;AC;1965-01-01
BEL;BEL035801963;;EXP;1999-03-04;1999-03-04;580;Z.580;POSEIDON;ZEEBR;;OPWX;Y;N;Y;Y;;N;;FX;PTB;TBB;;;;;20.64;17.63;61.00;0.00;0.00;206.00;0.00;1;1963-04-16;4A1;GBR;EX;PA;1963-01-01
BEL;BEL035821964;;RET;1998-04-21;1998-04-21;582;Z.582;ASANNAT;ZEEBR;;OPWZ;Y;Y;Y;Y;;N;;FX;TBB;OTB;;;;;19.80;16.50;51.00;48.82;0.00;107.00;0.00;1;1964-10-22;4A1;;;PA;1964-01-01
BEL;BEL035831970;;RET;2008-10-16;2008-10-16;583;Z.583;ANGELINA;ZEEBR;;OPXA;Y;Y;Y;Y;;N;;FX;TBB;NO;;;;;30.70;26.48;149.00;0.00;0.00;552.00;0.00;2;1970-04-30;MFL;;;PA;1970-01-01
BEL;BEL035841967;;DES;1993-12-28;1993-12-28;584;Z.584;SEA BIRD;ZEEBR;;OPXB;Y;N;N;Y;;N;;FX;TBB;NO;;;;;27.40;24.11;0.00;109.29;0.00;294.00;0.00;2;1967-07-19;E10;;;AC;1967-01-01
BEL;BEL035861963;;EXP;1996-11-12;1996-11-12;586;Z.586;MERMAID;ZEEBR;;OPXD;Y;N;N;Y;;N;;FX;TBB;OTB;;;;;18.00;16.00;0.00;38.95;0.00;177.00;0.00;2;1963-07-01;E10;NLD;EX;PA;1963-01-01
BEL;BEL035961988;8812760;MOD;2021-01-12;2100-12-31;115;Z.115;ANTJE DE VRIES;BEZEE;Zeebrugge;OPEK;Y;Y;Y;Y;;Y;205752000;FX;TBB;OTB;;;;;37.84;32.96;369.00;0.00;0.00;1200.00;0.00;2;1988-08-02;MFL;;;;1988-01-01
BEL;BEL035971965;;DES;1993-12-29;1993-12-29;597;Z.597;JUPITER;ZEEBR;;OPXO;Y;N;N;Y;;N;;FX;OTB;NO;;;;;21.00;19.82;97.00;0.00;0.00;221.00;0.00;2;1965-03-25;E13;;;AC;1965-01-01
BEL;BEL037002012;8564557;RET;2021-01-18;2021-01-18;700;Z.700;BRAVEHAERT;BEZEE;Zeebrugge;OQBV;Y;Y;Y;Y;;Y;205010000;FX;OTB;NO;;;;;14.80;14.80;23.00;0.00;0.00;221.00;0.00;2;2012-10-12;MFL;;;PA;2012-01-01
BEL;BEL037382002;9246059;EXP;2020-03-20;2020-03-20;282;Z.282;JOCHEM;ZEEBR;;OPKV;Y;Y;Y;Y;;N;;FX;SSC;OTB;;;;;27.84;24.96;128.00;0.00;0.00;852.00;0.00;2;2002-07-08;MFL;SUR;EX;PA;2002-01-01
BEL;BEL040031974;;EXP;1998-06-03;1998-06-03;003;N.3;PATRICK;NIEUW;;OPAC;Y;N;Y;Y;;N;;TO;OTB;TBB;;;;;27.20;20.65;119.00;118.46;0.00;331.00;0.00;2;1974-07-19;4A2;IRL;EX;PA;1974-01-01
BEL;BEL040221963;;RET;2016-06-30;2016-06-30;020;O.20;NYX;OOSTE;;OPAT;Y;Y;Y;Y;;N;;FX;TBB;OTB;;;;;19.00;16.53;37.00;0.00;0.00;216.00;0.00;2;1979-11-19;MFL;;;PA;1963-01-01
BEL;BEL040222010;;RET;2012-04-04;2012-04-04;022;N.22;MAYRA-LISA;NIEUW;;OPAV;Y;Y;Y;Y;;N;;FX;GNS;GTR;;;;;14.98;14.97;28.00;0.00;0.00;744.00;0.00;3;2010-06-10;MFL;;;PA;2010-01-01
BEL;BEL040361981;;DES;2007-12-10;2007-12-10;036;Z.36;ARCA;ZEEBR;;OPBJ;Y;Y;Y;Y;;N;;FX;TBB;NO;;;;;34.60;31.04;286.00;0.00;0.00;883.00;0.00;2;1981-05-14;MFL;;;PA;1981-01-01
BEL;BEL040401973;;DES;1992-12-23;1992-12-23;040;N.40;RAVELINGEN;NIEUW;;OPBN;Y;N;N;Y;;N;;FX;OTB;NO;;;;;25.58;20.65;0.00;103.68;0.00;276.00;0.00;2;1973-11-30;E13;;;AC;1973-01-01
BEL;BEL040451961;;DES;1995-02-10;1995-02-10;045;Z.45;HERAKLES;ZEEBR;;OPBS;Y;Y;N;Y;;N;;FX;OTB;TBB;;;;;31.35;27.40;170.00;0.00;0.00;397.00;0.00;2;1961-07-01;E13;;;PA;1961-01-01
BEL;BEL040491982;;RET;1995-02-27;1995-02-27;049;O.49;STEVE;OOSTE;;OPBW;Y;N;N;Y;;N;;FX;TBB;PTB;;;;;14.00;12.37;24.00;0.00;0.00;144.00;0.00;2;1984-11-05;E10;;;PA;1982-01-01
BEL;BEL040521984;8985153;EXP;1998-10-08;1998-10-08;052;N.52;SEA HUNTER;NIEUW;;OPBZ;Y;N;Y;Y;;N;;TU;TBB;NO;;;;;23.90;20.65;93.00;0.00;0.00;221.00;0.00;2;1984-02-11;4A1;NLD;;PA;1984-01-01
BEL;BEL040571986;8524076;RET;2022-06-14;2022-06-14;083;O.83;JOKE;BEOST;Oostende (Ostend);OPDE;Y;Y;Y;Y;;Y;205715000;FX;TBB;OTB;;;;;23.75;21.15;99.00;0.00;0.00;221.00;0.00;2;1986-10-17;MFL;;;;1986-01-01
BEL;BEL040581986;8548462;MOD;2021-05-07;2100-12-31;081;O.81;JAIDY;BEOST;Oostende (Ostend);OPDC;Y;Y;Y;Y;;Y;205768000;FX;TBB;OTB;;;;;19.35;17.01;69.00;0.00;0.00;221.00;0.00;2;1986-04-15;MFL;;;;1986-01-01
BEL;BEL040731986;;RET;2016-03-29;2016-03-29;034;N.34;L'ETAPLOIS;NIEUW;;OPBH;Y;Y;N;Y;;N;;FX;OTB;GNS;;;;;12.40;11.11;22.00;0.00;0.00;220.00;0.00;2;1986-06-10;MFL;;;PA;1986-01-01
BEL;BEL040731989;;DES;2011-03-01;2011-03-01;028;N.28;MOOIE MEID;NIEUW;;OPBB;Y;Y;Y;Y;;N;;FX;TBB;OTB;;;;;19.60;17.20;64.00;0.00;0.00;220.00;0.00;2;1989-09-15;MFL;;;PA;1989-01-01
BEL;BEL040751986;;RET;2014-06-02;2014-06-02;075;Z.75;ZELDENRUST;ZEEBR;;OPCW;Y;Y;Y;Y;;N;;FX;TBB;OTB;;;;;23.75;21.15;89.00;0.00;0.00;218.00;0.00;2;1986-07-11;MFL;;;PA;1986-01-01
BEL;BEL040862006;8548204;MOD;2021-01-11;2100-12-31;086;N.86;RUDY;BENIE;Nieuwpoort;OPDH;Y;Y;Y;Y;;Y;205281000;FX;TBB;OTB;;;;;20.01;18.08;57.00;0.00;0.00;221.00;0.00;2;2006-04-01;MFL;;;;2006-01-01
BEL;BEL040881961;;RET;2002-07-07;2002-07-07;738;O.738;NOVA CURA;OOSTE;;OQDL;Y;N;Y;Y;;N;;FX;TBB;NO;;;;;17.95;16.17;35.00;0.00;0.00;219.00;0.00;2;1973-12-14;4A1;;;PA;1961-01-01
BEL;BEL040951987;;RET;2016-02-22;2016-02-22;095;N.95;JONAS II;NIEUW;;OPDQ;Y;Y;N;Y;;N;;FX;GNS;GTR;;;;;12.68;12.25;18.00;0.00;0.00;471.00;0.00;3;1987-08-03;MFL;;;PA;1987-01-01
BEL;BEL041261970;;DES;2009-12-21;2009-12-21;126;Z.126;SOPHIE;ZEEBR;;OPEV;Y;Y;Y;Y;;N;;FX;TBB;NO;;;;;30.24;27.03;142.00;0.00;0.00;515.00;0.00;2;1988-11-28;MFL;;;PA;1970-01-01
BEL;BEL041521966;;DES;2006-04-25;2006-04-25;396;O.396;SABRINA;OOSTE;;OPPV;Y;Y;Y;Y;;N;;FX;TBB;OTB;;;;;17.50;15.73;37.00;0.00;0.00;221.00;0.00;2;1985-11-20;MFL;;;PA;1966-01-01
BEL;BEL043501985;;EXP;1991-07-26;1991-07-26;350;N.350;COLETTE;NIEUW;;OPNL;Y;Y;N;Y;;N;;FX;TBB;PTB;;;;;19.94;17.43;61.00;0.00;0.00;191.00;0.00;2;1986-01-03;ZEE;NLD;EX;PA;1985-01-01
BEL;BEL043501996;9149641;MOD;2021-01-11;2100-12-31;350;N.350;INGRID;BENIE;Nieuwpoort;OPNL;Y;Y;Y;Y;;Y;205148000;FX;TBB;OTB;;;;;23.82;21.04;104.00;0.00;0.00;221.00;0.00;2;1996-02-19;MFL;;;;1996-01-01
BEL;BEL044021963;8529076;EXP;2000-05-12;2000-05-12;782;N.782;DE NORMA;NIEUW;;OQFD;Y;N;Y;Y;;N;;TU;TBB;OTB;;;;;23.78;20.65;97.00;0.00;0.00;208.00;0.00;2;1963-06-07;4A1;NLD;EX;PA;1963-01-01
BEL;BEL045251969;;DES;1995-05-19;1995-05-19;525;N.525;GOLFBREKER;NIEUW;;OPUU;Y;N;N;Y;;N;;FX;TBB;PTB;;;;;22.60;18.04;70.00;0.00;0.00;202.00;0.00;1;1970-01-16;E10;;;PA;1969-01-01
BEL;BEL045551954;;EXP;1998-12-23;1998-12-23;555;N.555;VALENTINO;NIEUW;;OPVY;Y;N;Y;Y;;N;;FX;TBB;PTB;;;;;16.60;14.30;23.00;0.00;0.00;110.00;0.00;2;1954-07-30;4A1;NLD;EX;PA;1954-01-01
BEL;BEL045631964;;EXP;1999-10-06;1999-10-06;563;N.563;ZEE-ADELT;NIEUW;;OPWG;Y;N;Y;Y;;N;;FX;OTB;PTB;;;;;21.00;18.04;59.00;0.00;0.00;221.00;0.00;2;1964-08-25;4A2;NLD;EX;PA;1964-01-01
BEL;BEL045751966;;EXP;1999-04-01;1999-04-01;575;O.575;BOREAS;OOSTE;;OPWS;Y;N;Y;Y;;N;;FX;TBB;OTB;;;;;20.97;18.04;63.00;0.00;0.00;221.00;0.00;2;1966-10-12;4A1;NLD;EX;PA;1966-01-01
BEL;BEL045901961;;DES;1993-12-30;1993-12-30;590;N.590;HORIZON;NIEUW;;OPXH;Y;N;N;Y;;N;;FX;TBB;PTB;;;;;19.80;17.46;0.00;48.82;0.00;107.00;0.00;1;1962-03-09;C10;;;AC;1961-01-01
BEL;BEL045991964;;DES;1992-06-03;1992-06-03;599;N.599;ZEEVOGEL;NIEUW;;OPXQ;Y;N;N;Y;;N;;FX;OTB;TBB;;;;;21.00;14.68;0.00;58.66;0.00;165.00;0.00;1;1964-10-09;C10;;;AC;1964-01-01
BEL;BEL047001968;;DES;2011-04-20;2011-04-20;700;Z.700;RAPKE;ZEEBR;;OQBV;Y;Y;Y;Y;;N;;FX;TBB;OTB;;;;;16.80;15.02;33.00;0.00;0.00;221.00;0.00;2;1968-06-06;MFL;;;PA;1968-01-01
BEL;BEL047061968;;DES;2004-12-10;2004-12-10;706;N.706;STER DER ZEE;NIEUW;;OQCF;Y;Y;Y;Y;;N;;FX;TBB;OTB;;;;;27.20;23.58;109.00;0.00;0.00;221.00;0.00;2;1968-12-11;MFL;;;AC;1968-01-01
BEL;BEL047081969;;DES;1992-12-28;1992-12-28;708;N.708;RUYTINGEN;NIEUW;;OQCH;Y;N;N;Y;;N;;FX;OTB;NO;;;;;25.58;22.00;0.00;110.22;0.00;276.00;0.00;2;1969-06-24;E13;;;AC;1969-01-01
BEL;BEL047091969;;DES;1992-12-28;1992-12-28;709;N.709;MARDYCK;NIEUW;;OQCI;Y;N;N;Y;;N;;FX;OTB;NO;;;;;25.58;22.00;0.00;110.22;0.00;276.00;0.00;2;1969-08-21;E13;;;AC;1969-01-01
BEL;BEL047191968;;RET;1990-08-31;1990-08-31;719;N.719;ATLANTIC;NIEUW;;OQCS;Y;N;N;Y;;N;;FX;OTB;NO;;;;;25.00;21.00;0.00;86.59;0.00;221.00;0.00;2;1968-02-02;ZEE;;;PA;1968-01-01
BEL;BEL047201963;;RET;2009-11-19;2009-11-19;088;N.88;NOVA-CURA;NIEUW;;OPDJ;Y;Y;Y;Y;;N;;FX;TBB;OTB;;;;;22.00;18.84;68.00;0.00;0.00;218.00;0.00;2;1964-02-04;MFL;;;PA;1963-01-01
BEL;BEL047231969;;DES;2004-12-10;2004-12-10;723;N.723;PALLIETER;NIEUW;;OQCW;Y;Y;Y;Y;;N;;FX;TBB;OTB;;;;;23.00;20.48;82.00;0.00;0.00;221.00;0.00;2;1969-09-04;MFL;;;AC;1969-01-01
BEL;BEL047361969;;DES;1995-05-12;1995-05-12;736;N.736;LUCKY;NIEUW;;OQDJ;Y;N;N;Y;;N;;FX;TBB;OTB;;;;;22.00;18.00;68.00;0.00;0.00;221.00;0.00;2;1969-10-23;E10;;;PA;1969-01-01
BEL;BEL047381965;;RET;2007-05-08;2007-05-08;536;O.536;ZEEVALK;OOSTE;;OPVF;Y;Y;Y;Y;;N;;FX;TBB;OTB;;;;;22.30;18.84;65.00;0.00;0.00;166.00;0.00;2;1965-04-30;MFL;;;PA;1965-01-01
BEL;BEL047521971;;DES;1992-12-29;1992-12-29;752;N.752;TER YDE;NIEUW;;OQDZ;Y;N;N;Y;;N;;FX;OTB;NO;;;;;25.58;23.52;107.00;0.00;0.00;276.00;0.00;2;1971-04-26;E13;;;AC;1971-01-01
BEL;BEL047821971;;EXP;1999-04-01;1999-04-01;782;O.782;NANCY;OOSTE;;OQFD;Y;N;N;Y;;N;;FX;TBB;NO;;;;;14.31;12.42;21.00;0.00;0.00;110.00;0.00;2;1971-03-02;4A1;NLD;EX;PA;1971-01-01
BEL;DNK000040851;9599509;MOD;2023-01-30;2100-12-31;300;Z.300;SOLA GRATIA;BEZEE;Zeebrugge;OPLN;Y;Y;Y;Y;N;Y;205775000;FX;OTB;SSC;;;;;27.49;23.98;265.00;0.00;0.00;1200.00;0.00;2;2019-03-25;MFL;DNK;;;2011-01-01
BEL;FRA000686426;;EXP;2021-09-23;2021-09-23;85;Z.85;ALEXIS II;BEZEE;Zeebrugge;OPDG;Y;Y;Y;Y;;Y;205320000;WOP;GNS;GTR;;;;;11.95;11.95;25.00;0.00;0.00;221.00;0.00;2;2016-08-01;MFL;NLD;EX;PA;1988-01-01
BEL;FRA000686897;9034389;EXP;2019-08-14;2019-08-14;099;Z.99;ARAVIS;ZEEBR;;OPDU;Y;Y;Y;Y;;N;;FX;OTB;SSC;;;;;29.80;25.68;252.00;0.00;0.00;1062.00;0.00;2;2009-10-29;MFL;SUR;EX;PA;1989-01-01
BEL;FRA102636030;8433162;MOD;2021-02-03;2100-12-31;190;O.190;RENILDE;BEOST;Oostende (Ostend);OPHH;Y;Y;Y;Y;N;Y;205272000;FX;TBB;OTB;;;;;22.32;20.57;68.00;0.00;0.00;221.00;0.00;2;2000-03-14;MFL;;;;1970-01-01
BEL;GBR000B13502;8410043;MOD;2021-01-11;2100-12-31;059;Z.59;RAQUEL;BEZEE;Zeebrugge;OPCG;Y;Y;Y;Y;;Y;205153000;FX;TBB;OTB;;;;;37.20;32.80;275.00;0.00;0.00;1122.00;0.00;2;2005-03-10;MFL;;;;1981-01-01
BEL;GBR000C19037;8524117;MOD;2021-01-18;2100-12-31;582;O.582;HOMBRE;BEOST;Oostende (Ostend);OPWZ;Y;Y;Y;Y;;Y;205294000;FX;OTB;DRB;;;;;19.32;17.00;93.00;0.00;0.00;221.00;0.00;2;2017-11-29;MFL;GBR;;;1980-01-01
BEL;GBR000G10053;;DES;2003-05-14;2003-05-14;455;O.455;CELTIC;OOSTE;;OPSC;Y;N;N;Y;;N;;FX;GNS;FPO;;;;;11.98;10.69;28.00;0.00;0.00;184.00;0.00;2;2001-01-05;MFL;;;PA;1988-01-01
BEL;NLD198500341;;RET;2005-06-23;2005-06-23;028;Z.28;ANNIE-B;ZEEBR;;OPBB;Y;Y;Y;Y;;N;;FX;TBB;NO;;;;;23.99;21.45;82.00;0.00;0.00;220.00;0.00;2;1985-10-03;MFL;;;PA;1985-01-01
BEL;NLD199001509;9019406;MOD;2024-03-29;2100-12-31;182;Z.182;HENNIE;BEZEE;Zeebrugge;OPGZ;Y;Y;Y;Y;N;Y;205718000;FX;TBB;OTB;;;;;28.42;25.34;192.00;0.00;0.00;1200.00;0.00;2;1993-01-01;MFL;;;;1991-01-01
BEL;NLD199201765;9044580;MOD;2022-02-17;2100-12-31;333;Z.333;AVATAR;BEZEE;Zeebrugge;OPMU;Y;Y;Y;Y;N;Y;205321000;FX;TBB;NO;;;;;37.45;33.01;385.00;0.00;0.00;1200.00;0.00;2;2012-02-10;MFL;NLD;;PA;1992-01-01
